exercise_id,source_id,name,canonical_id,canonical_name,bodyPart,target,equipment,equipment_category,equipment_list,needs_machine,Level,Split_Type,movement_pattern,is_compound,focus_zone,muscle_chain,body_region,default_sets,default_reps_min,default_reps_max,instruction_steps,secondary_muscle_count,secondaryMuscles/0,secondaryMuscles/1,secondaryMuscles/2,secondaryMuscles/3,secondaryMuscles/4,secondaryMuscles/5
1,7,alternate lateral pulldown,5,alternate lateral pulldown,back,lats,cable,cable,cable,True,Intermediate,"Pull,Back,Upper,Full Body",Pull,True,Upper Body,Posterior,Limbs,3,8,12,5,2,biceps,rhomboids,,,,
2,3293,archer pull up,7,archer pull up,back,lats,body weight,bodyweight,body weight,False,Intermediate,"Pull,Back,Upper,Full Body",Pull,True,Upper Body,Posterior,Limbs,3,8,12,6,2,biceps,forearms,,,,
3,15,assisted parallel close grip pull-up,22,assisted parallel close grip pull-up,back,lats,leverage machine,machine,leverage machine,True,Intermediate,"Pull,Back,Upper,Full Body",Pull,True,Upper Body,Posterior,Limbs,3,8,12,7,2,biceps,forearms,,,,
4,17,assisted pull-up,26,assisted pull-up,back,lats,leverage machine,machine,leverage machine,True,Intermediate,"Pull,Back,Upper,Full Body",Pull,True,Upper Body,Posterior,Limbs,3,8,12,7,2,biceps,forearms,,,,
5,1431,assisted standing chin-up,30,assisted standing chin-up,back,lats,leverage machine,machine,leverage machine,True,Intermediate,"Pull,Back,Upper,Full Body",Pull,True,Upper Body,Posterior,Limbs,3,8,12,7,2,biceps,forearms,,,,
6,1432,assisted standing pull-up,31,assisted standing pull-up,back,lats,leverage machine,machine,leverage machine,True,Intermediate,"Pull,Back,Upper,Full Body",Pull,True,Upper Body,Posterior,Limbs,3,8,12,7,2,biceps,forearms,,,,
7,1405,back pec stretch,39,back pec stretch,back,lats,body weight,bodyweight,body weight,False,Intermediate,"Pull,Back,Upper,Full Body",Pull,True,Upper Body,Posterior,Limbs,3,8,12,7,2,shoulders,chest,,,,
8,970,band assisted pull-up,44,band assisted pull-up,back,lats,band,bands,band,False,Intermediate,"Pull,Back,Upper,Full Body",Pull,True,Upper Body,Posterior,Limbs,3,8,12,6,2,biceps,forearms,,,,
9,974,band close-grip pulldown,49,band close-grip pulldown,back,lats,band,bands,band,False,Intermediate,"Pull,Back,Upper,Full Body",Pull,True,Upper Body,Posterior,Limbs,3,8,12,6,2,biceps,forearms,,,,
10,3117,band fixed back close grip pulldown,52,band fixed back close grip pulldown,back,lats,band,bands,band,False,Intermediate,"Pull,Back,Upper,Full Body",Pull,True,Upper Body,Posterior,Limbs,3,8,12,8,2,biceps,forearms,,,,
11,3116,band fixed back underhand pulldown,53,band fixed back underhand pulldown,back,lats,band,bands,band,False,Intermediate,"Pull,Back,Upper,Full Body",Pull,True,Upper Body,Posterior,Limbs,3,8,12,9,3,biceps,rhomboids,rear deltoids,,,
12,983,band kneeling one arm pulldown,59,band kneeling one arm pulldown,back,lats,band,bands,band,False,Intermediate,"Pull,Back,Upper,Full Body",Pull,True,Upper Body,Posterior,Limbs,3,8,12,6,2,biceps,rhomboids,,,,
13,1013,band underhand pulldown,91,band underhand pulldown,back,lats,band,bands,band,False,Intermediate,"Pull,Back,Upper,Full Body",Pull,True,Upper Body,Posterior,Limbs,3,8,12,7,2,biceps,forearms,,,,
14,1316,barbell bent arm pullover,100,barbell bent arm pullover,back,lats,barbell,free_weight,barbell,False,Intermediate,"Pull,Back,Upper,Full Body",Pull,True,Upper Body,Posterior,Limbs,3,8,12,5,2,triceps,chest,,,,
15,34,barbell decline bent arm pullover,109,barbell decline bent arm pullover,back,lats,barbell,free_weight,barbell,False,Intermediate,"Pull,Back,Upper,Full Body",Pull,True,Upper Body,Posterior,Limbs,3,8,12,5,2,triceps,chest,,,,
16,37,barbell decline wide-grip pullover,113,barbell decline wide-grip pullover,back,lats,barbell,free_weight,barbell,False,Intermediate,"Pull,Back,Upper,Full Body",Pull,True,Upper Body,Posterior,Limbs,3,8,12,5,2,triceps,chest,,,,
17,73,barbell pullover,161,barbell pullover,back,lats,barbell,free_weight,barbell,False,Intermediate,"Pull,Back,Upper,Full Body",Pull,True,Upper Body,Posterior,Limbs,3,8,12,5,2,chest,triceps,,,,
18,22,barbell pullover to press,162,barbell pullover to press,back,lats,barbell,free_weight,barbell,False,Intermediate,"Pull,Back,Upper,Full Body",Pull,True,Upper Body,Posterior,Limbs,3,8,12,5,3,triceps,chest,shoulders,,,
19,3019,bench pull-ups,235,bench pull-ups,back,lats,body weight,bodyweight,body weight,False,Intermediate,"Pull,Back,Upper,Full Body",Pull,True,Upper Body,Posterior,Limbs,3,8,12,7,2,biceps,forearms,,,,
20,150,cable bar lateral pulldown,260,cable bar lateral pulldown,back,lats,cable,cable,cable,True,Intermediate,"Pull,Back,Upper,Full Body",Pull,True,Upper Body,Posterior,Limbs,3,8,12,7,3,biceps,rhomboids,rear deltoids,,,
21,153,cable cross-over lateral pulldown,265,cable cross-over lateral pulldown,back,lats,cable,cable,cable,True,Intermediate,"Pull,Back,Upper,Full Body",Pull,True,Upper Body,Posterior,Limbs,3,8,12,7,3,biceps,rhomboids,rear deltoids,,,
22,172,cable incline pushdown,286,cable incline pushdown,back,lats,cable,cable,cable,True,Intermediate,"Pull,Back,Upper,Full Body",Pull,True,Upper Body,Posterior,Limbs,3,8,12,7,2,triceps,shoulders,,,,
23,2330,cable lat pulldown full range of motion,293,cable lat pulldown full range of motion,back,lats,cable,cable,cable,True,Intermediate,"Pull,Back,Upper,Full Body",Pull,True,Upper Body,Posterior,Limbs,3,8,12,6,3,biceps,rhomboids,rear deltoids,,,
24,177,cable lateral pulldown (with rope attachment),294,cable lateral pulldown,back,lats,cable,cable,cable,True,Intermediate,"Pull,Back,Upper,Full Body",Pull,True,Upper Body,Posterior,Limbs,3,8,12,8,2,biceps,forearms,,,,
25,2616,cable lateral pulldown with v-bar,295,cable lateral pulldown with v-bar,back,lats,cable,cable,cable,True,Intermediate,"Pull,Back,Upper,Full Body",Pull,True,Upper Body,Posterior,Limbs,3,8,12,6,2,biceps,forearms,,,,
26,184,cable lying extension pullover (with rope attachment),301,cable lying extension pullover,back,lats,cable,cable,cable,True,Intermediate,"Pull,Back,Upper,Full Body",Pull,True,Upper Body,Posterior,Limbs,3,8,12,6,2,triceps,shoulders,,,,
27,3563,cable one arm pulldown,316,cable one arm pulldown,back,lats,cable,cable,cable,True,Intermediate,"Pull,Back,Upper,Full Body",Pull,True,Upper Body,Posterior,Limbs,3,8,12,9,2,biceps,forearms,,,,
28,198,cable pulldown,327,cable pulldown,back,lats,cable,cable,cable,True,Intermediate,"Pull,Back,Upper,Full Body",Pull,True,Upper Body,Posterior,Limbs,3,8,12,7,2,biceps,forearms,,,,
29,197,cable pulldown (pro lat bar),327,cable pulldown,back,lats,cable,cable,cable,True,Intermediate,"Pull,Back,Upper,Full Body",Pull,True,Upper Body,Posterior,Limbs,3,8,12,6,2,biceps,forearms,,,,
30,199,cable pushdown (straight arm) v. 2,329,cable pushdown,back,lats,cable,cable,cable,True,Intermediate,"Pull,Back,Upper,Full Body",Pull,True,Upper Body,Posterior,Limbs,3,8,12,6,2,triceps,shoulders,,,,
31,205,cable rear pulldown,332,cable rear pulldown,back,lats,cable,cable,cable,True,Intermediate,"Pull,Back,Upper,Full Body",Pull,True,Upper Body,Posterior,Limbs,3,8,12,7,3,biceps,rhomboids,rear deltoids,,,
32,213,cable seated high row (v-bar),354,cable seated high row,back,lats,cable,cable,cable,True,Intermediate,"Pull,Back,Upper,Full Body",Pull,True,Upper Body,Posterior,Limbs,3,8,12,6,3,biceps,rhomboids,rear deltoids,,,
33,1717,cable squat row (with rope attachment),368,cable squat row,back,lats,cable,cable,cable,True,Intermediate,"Pull,Back,Upper,Full Body",Pull,True,Upper Body,Posterior,Limbs,3,8,12,8,3,biceps,rhomboids,rear deltoids,,,
34,238,cable straight arm pulldown,387,cable straight arm pulldown,back,lats,cable,cable,cable,True,Intermediate,"Pull,Back,Upper,Full Body",Pull,True,Upper Body,Posterior,Limbs,3,8,12,6,2,shoulders,biceps,,,,
35,237,cable straight arm pulldown (with rope),387,cable straight arm pulldown,back,lats,cable,cable,cable,True,Intermediate,"Pull,Back,Upper,Full Body",Pull,True,Upper Body,Posterior,Limbs,3,8,12,7,2,biceps,forearms,,,,
36,2464,cable thibaudeau kayak row,390,cable thibaudeau kayak row,back,lats,cable,cable,cable,True,Intermediate,"Pull,Back,Upper,Full Body",Pull,True,Upper Body,Posterior,Limbs,3,8,12,6,3,biceps,rhomboids,rear deltoids,,,
37,244,cable twisting pull,394,cable twisting pull,back,lats,cable,cable,cable,True,Intermediate,"Pull,Back,Upper,Full Body",Pull,True,Upper Body,Posterior,Limbs,3,8,12,8,2,shoulders,biceps,,,,
38,245,cable underhand pulldown,397,cable underhand pulldown,back,lats,cable,cable,cable,True,Intermediate,"Pull,Back,Upper,Full Body",Pull,True,Upper Body,Posterior,Limbs,3,8,12,6,2,biceps,forearms,,,,
39,1325,cable wide grip rear pulldown behind neck,401,cable wide grip rear pulldown behind neck,back,lats,cable,cable,cable,True,Intermediate,"Pull,Back,Upper,Full Body",Pull,True,Upper Body,Posterior,Limbs,3,8,12,6,3,biceps,rhomboids,rear deltoids,,,
40,1326,chin-up,414,chin-up,back,lats,body weight,bodyweight,body weight,False,Intermediate,"Pull,Back,Upper,Full Body",Pull,True,Upper Body,Posterior,Limbs,3,8,12,5,2,biceps,forearms,,,,
41,1327,close grip chin-up,419,close grip chin-up,back,lats,body weight,bodyweight,body weight,False,Intermediate,"Pull,Back,Upper,Full Body",Pull,True,Upper Body,Posterior,Limbs,3,8,12,6,2,biceps,forearms,,,,
42,1332,exercise ball alternating arm ups,711,exercise ball alternating arm ups,back,lats,stability ball,bodyweight_stability,stability ball,False,Intermediate,"Pull,Back,Upper,Full Body",Pull,True,Upper Body,Posterior,Limbs,3,8,12,6,2,shoulders,core,,,,
43,1339,exercise ball lat stretch,719,exercise ball lat stretch,back,lats,stability ball,bodyweight_stability,stability ball,False,Intermediate,"Pull,Back,Upper,Full Body",Pull,True,Upper Body,Posterior,Limbs,3,8,12,5,2,shoulders,triceps,,,,
44,1341,exercise ball lower back stretch (pyramid),720,exercise ball lower back stretch,back,lats,stability ball,bodyweight_stability,stability ball,False,Intermediate,"Pull,Back,Upper,Full Body",Pull,True,Upper Body,Posterior,Limbs,3,8,12,6,2,glutes,hamstrings,,,,
45,1342,exercise ball lying side lat stretch,721,exercise ball lying side lat stretch,back,lats,stability ball,bodyweight_stability,stability ball,False,Intermediate,"Pull,Back,Upper,Full Body",Pull,True,Upper Body,Posterior,Limbs,3,8,12,5,2,shoulders,triceps,,,,
46,3010,ez bar lying bent arms pullover,731,ez bar lying bent arms pullover,back,lats,ez barbell,free_weight,ez barbell,False,Intermediate,"Pull,Back,Upper,Full Body",Pull,True,Upper Body,Posterior,Limbs,3,8,12,6,2,triceps,chest,,,,
47,466,gironda sternum chin,769,gironda sternum chin,back,lats,body weight,bodyweight,body weight,False,Intermediate,"Pull,Back,Upper,Full Body",Pull,True,Upper Body,Posterior,Limbs,3,8,12,6,3,biceps,rhomboids,rear deltoids,,,
48,558,kipping muscle up,863,kipping muscle up,back,lats,body weight,bodyweight,body weight,False,Intermediate,"Pull,Back,Upper,Full Body",Pull,True,Upper Body,Posterior,Limbs,3,8,12,6,4,biceps,triceps,shoulders,core,,
49,1346,kneeling lat stretch,866,kneeling lat stretch,back,lats,body weight,bodyweight,body weight,False,Intermediate,"Pull,Back,Upper,Full Body",Pull,True,Upper Body,Posterior,Limbs,3,8,12,6,2,shoulders,triceps,,,,
50,3418,l-pull-up,870,l-pull-up,back,lats,body weight,bodyweight,body weight,False,Intermediate,"Pull,Back,Upper,Full Body",Pull,True,Upper Body,Posterior,Limbs,3,8,12,6,2,biceps,forearms,,,,
51,572,lever assisted chin-up,880,lever assisted chin-up,back,lats,leverage machine,machine,leverage machine,True,Intermediate,"Pull,Back,Upper,Full Body",Pull,True,Upper Body,Posterior,Limbs,3,8,12,7,2,biceps,forearms,,,,
52,579,lever front pulldown,890,lever front pulldown,back,lats,leverage machine,machine,leverage machine,True,Intermediate,"Pull,Back,Upper,Full Body",Pull,True,Upper Body,Posterior,Limbs,3,8,12,6,3,biceps,rhomboids,rear deltoids,,,
53,1347,lever one arm lateral wide pulldown,908,lever one arm lateral wide pulldown,back,lats,leverage machine,machine,leverage machine,True,Intermediate,"Pull,Back,Upper,Full Body",Pull,True,Upper Body,Posterior,Limbs,3,8,12,5,3,biceps,rhomboids,rear deltoids,,,
54,2285,lever pullover,912,lever pullover,back,lats,leverage machine,machine,leverage machine,True,Intermediate,"Pull,Back,Upper,Full Body",Pull,True,Upper Body,Posterior,Limbs,3,8,12,6,2,triceps,shoulders,,,,
55,2736,lever reverse grip lateral pulldown,913,lever reverse grip lateral pulldown,back,lats,leverage machine,machine,leverage machine,True,Intermediate,"Pull,Back,Upper,Full Body",Pull,True,Upper Body,Posterior,Limbs,3,8,12,6,3,biceps,rhomboids,rear deltoids,,,
56,1353,medicine ball catch and overhead throw,951,medicine ball catch and overhead throw,back,lats,medicine ball,medicine_ball,medicine ball,False,Intermediate,"Pull,Back,Upper,Full Body",Pull,True,Upper Body,Posterior,Limbs,3,8,12,6,2,shoulders,core,,,,
57,627,mixed grip chin-up,960,mixed grip chin-up,back,lats,body weight,bodyweight,body weight,False,Intermediate,"Pull,Back,Upper,Full Body",Pull,True,Upper Body,Posterior,Limbs,3,8,12,6,2,biceps,forearms,,,,
58,631,muscle up,965,muscle up,back,lats,body weight,bodyweight,body weight,False,Intermediate,"Pull,Back,Upper,Full Body",Pull,True,Upper Body,Posterior,Limbs,3,8,12,6,4,biceps,triceps,shoulders,chest,,
59,1401,muscle-up (on vertical bar),966,muscle-up,back,lats,body weight,bodyweight,body weight,False,Intermediate,"Pull,Back,Upper,Full Body",Pull,True,Upper Body,Posterior,Limbs,3,8,12,6,3,biceps,triceps,forearms,,,
60,1355,one arm against wall,974,one arm against wall,back,lats,body weight,bodyweight,body weight,False,Intermediate,"Pull,Back,Upper,Full Body",Pull,True,Upper Body,Posterior,Limbs,3,8,12,5,2,shoulders,triceps,,,,
61,638,one arm chin-up,975,one arm chin-up,back,lats,body weight,bodyweight,body weight,False,Intermediate,"Pull,Back,Upper,Full Body",Pull,True,Upper Body,Posterior,Limbs,3,8,12,6,2,biceps,forearms,,,,
62,651,pull up (neutral grip),998,pull up,back,lats,body weight,bodyweight,body weight,False,Intermediate,"Pull,Back,Upper,Full Body",Pull,True,Upper Body,Posterior,Limbs,3,8,12,6,2,biceps,forearms,,,,
63,652,pull-up,1000,pull-up,back,lats,body weight,bodyweight,body weight,False,Intermediate,"Pull,Back,Upper,Full Body",Pull,True,Upper Body,Posterior,Limbs,3,8,12,5,2,biceps,forearms,,,,
64,670,rear pull-up,1017,rear pull-up,back,lats,body weight,bodyweight,body weight,False,Intermediate,"Pull,Back,Upper,Full Body",Pull,True,Upper Body,Posterior,Limbs,3,8,12,6,2,biceps,forearms,,,,
65,673,reverse grip machine lat pulldown,1028,reverse grip machine lat pulldown,back,lats,leverage machine,machine,leverage machine,True,Intermediate,"Pull,Back,Upper,Full Body",Pull,True,Upper Body,Posterior,Limbs,3,8,12,6,2,biceps,forearms,,,,
66,674,reverse grip pull-up,1029,reverse grip pull-up,back,lats,body weight,bodyweight,body weight,False,Intermediate,"Pull,Back,Upper,Full Body",Pull,True,Upper Body,Posterior,Limbs,3,8,12,6,2,biceps,forearms,,,,
67,678,rocky pull-up pulldown,1035,rocky pull-up pulldown,back,lats,body weight,bodyweight,body weight,False,Intermediate,"Pull,Back,Upper,Full Body",Pull,True,Upper Body,Posterior,Limbs,3,8,12,6,2,biceps,forearms,,,,
68,2207,roller side lat stretch,1043,roller side lat stretch,back,lats,roller,other,roller,False,Intermediate,"Pull,Back,Upper,Full Body",Pull,True,Upper Body,Posterior,Limbs,3,8,12,5,2,shoulders,triceps,,,,
69,690,seated lower back stretch,1055,seated lower back stretch,back,lats,body weight,bodyweight,body weight,False,Intermediate,"Pull,Back,Upper,Full Body",Pull,True,Upper Body,Posterior,Limbs,3,8,12,5,2,glutes,hamstrings,,,,
70,1763,shoulder grip pull-up,1062,shoulder grip pull-up,back,lats,body weight,bodyweight,body weight,False,Intermediate,"Pull,Back,Upper,Full Body",Pull,True,Upper Body,Posterior,Limbs,3,8,12,5,2,biceps,forearms,,,,
71,1358,side lying floor stretch,1069,side lying floor stretch,back,lats,body weight,bodyweight,body weight,False,Intermediate,"Pull,Back,Upper,Full Body",Pull,True,Upper Body,Posterior,Limbs,3,8,12,6,2,obliques,glutes,,,,
72,720,side-to-side chin,1075,side-to-side chin,back,lats,body weight,bodyweight,body weight,False,Intermediate,"Pull,Back,Upper,Full Body",Pull,True,Upper Body,Posterior,Limbs,3,8,12,6,2,biceps,forearms,,,,
73,794,standing lateral stretch,1168,standing lateral stretch,back,lats,body weight,bodyweight,body weight,False,Intermediate,"Pull,Back,Upper,Full Body",Pull,True,Upper Body,Posterior,Limbs,3,8,12,6,2,shoulders,obliques,,,,
74,818,twin handle parallel grip lat pulldown,1194,twin handle parallel grip lat pulldown,back,lats,cable,cable,cable,True,Intermediate,"Pull,Back,Upper,Full Body",Pull,True,Upper Body,Posterior,Limbs,3,8,12,8,3,biceps,rhomboids,rear deltoids,,,
75,2987,weighted close grip chin-up on dip cage,1208,weighted close grip chin-up on dip cage,back,lats,weighted,other,weighted,False,Intermediate,"Pull,Back,Upper,Full Body",Pull,True,Upper Body,Posterior,Limbs,3,8,12,6,2,biceps,forearms,,,,
76,3286,weighted muscle up,1220,weighted muscle up,back,lats,weighted,other,weighted,False,Intermediate,"Pull,Back,Upper,Full Body",Pull,True,Upper Body,Posterior,Limbs,3,8,12,6,4,biceps,triceps,shoulders,chest,,
77,3312,weighted muscle up (on bar),1220,weighted muscle up,back,lats,weighted,other,weighted,False,Intermediate,"Pull,Back,Upper,Full Body",Pull,True,Upper Body,Posterior,Limbs,3,8,12,6,4,biceps,triceps,shoulders,forearms,,
78,3290,weighted one hand pull up,1221,weighted one hand pull up,back,lats,weighted,other,weighted,False,Intermediate,"Pull,Back,Upper,Full Body",Pull,True,Upper Body,Posterior,Limbs,3,8,12,6,2,biceps,forearms,,,,
79,841,weighted pull-up,1223,weighted pull-up,back,lats,weighted,other,weighted,False,Intermediate,"Pull,Back,Upper,Full Body",Pull,True,Upper Body,Posterior,Limbs,3,8,12,6,2,biceps,forearms,,,,
80,1429,wide grip pull-up,1241,wide grip pull-up,back,lats,body weight,bodyweight,body weight,False,Intermediate,"Pull,Back,Upper,Full Body",Pull,True,Upper Body,Posterior,Limbs,3,8,12,5,2,biceps,forearms,,,,
81,1367,wide grip rear pull-up,1242,wide grip rear pull-up,back,lats,body weight,bodyweight,body weight,False,Intermediate,"Pull,Back,Upper,Full Body",Pull,True,Upper Body,Posterior,Limbs,3,8,12,6,2,biceps,forearms,,,,
82,1314,back extension on exercise ball,37,back extension on exercise ball,back,spine,stability ball,bodyweight_stability,stability ball,False,Intermediate,"Pull,Back,Upper,Full Body",Pull,True,Upper Body,Mixed,Limbs,3,8,12,5,2,glutes,hamstrings,,,,
83,1010,band straight leg deadlift,88,band straight leg deadlift,back,spine,band,bands,band,False,Intermediate,"Pull,Back,Upper,Full Body",Pull,True,Upper Body,Mixed,Limbs,3,8,12,7,2,hamstrings,glutes,,,,
84,1333,exercise ball back extension with arms extended,712,exercise ball back extension with arms extended,back,spine,stability ball,bodyweight_stability,stability ball,False,Intermediate,"Pull,Back,Upper,Full Body",Pull,True,Upper Body,Mixed,Limbs,3,8,12,5,2,glutes,hamstrings,,,,
85,1334,exercise ball back extension with hands behind head,713,exercise ball back extension with hands behind head,back,spine,stability ball,bodyweight_stability,stability ball,False,Intermediate,"Pull,Back,Upper,Full Body",Pull,True,Upper Body,Mixed,Limbs,3,8,12,6,2,glutes,hamstrings,,,,
86,1335,exercise ball back extension with knees off ground,714,exercise ball back extension with knees off ground,back,spine,stability ball,bodyweight_stability,stability ball,False,Intermediate,"Pull,Back,Upper,Full Body",Pull,True,Upper Body,Mixed,Limbs,3,8,12,5,2,glutes,hamstrings,,,,
87,1336,exercise ball back extension with rotation,715,exercise ball back extension with rotation,back,spine,stability ball,bodyweight_stability,stability ball,False,Intermediate,"Pull,Back,Upper,Full Body",Pull,True,Upper Body,Mixed,Limbs,3,8,12,6,2,glutes,hamstrings,,,,
88,1338,exercise ball hug,718,exercise ball hug,back,spine,stability ball,bodyweight_stability,stability ball,False,Intermediate,"Pull,Back,Upper,Full Body",Pull,True,Upper Body,Mixed,Limbs,3,8,12,6,2,shoulders,chest,,,,
89,1343,exercise ball prone leg raise,726,exercise ball prone leg raise,back,spine,stability ball,bodyweight_stability,stability ball,False,Intermediate,"Pull,Back,Upper,Full Body",Pull,True,Upper Body,Mixed,Limbs,3,8,12,5,2,abdominals,glutes,,,,
90,489,hyperextension,796,hyperextension,back,spine,body weight,bodyweight,body weight,False,Intermediate,"Pull,Back,Upper,Full Body",Pull,True,Upper Body,Mixed,Limbs,3,8,12,5,2,glutes,hamstrings,,,,
91,488,hyperextension (on bench),796,hyperextension,back,spine,body weight,bodyweight,body weight,False,Intermediate,"Pull,Back,Upper,Full Body",Pull,True,Upper Body,Mixed,Limbs,3,8,12,5,2,glutes,hamstrings,,,,
92,573,lever back extension,881,lever back extension,back,spine,leverage machine,machine,leverage machine,True,Intermediate,"Pull,Back,Upper,Full Body",Pull,True,Upper Body,Mixed,Limbs,3,8,12,7,2,glutes,hamstrings,,,,
93,1352,lower back curl,942,lower back curl,back,spine,body weight,bodyweight,body weight,False,Intermediate,"Pull,Back,Upper,Full Body",Pull,True,Upper Body,Mixed,Limbs,3,8,12,4,2,glutes,hamstrings,,,,
94,2208,roller back stretch,1036,roller back stretch,back,spine,roller,other,roller,False,Intermediate,"Pull,Back,Upper,Full Body",Pull,True,Upper Body,Mixed,Limbs,3,8,12,6,2,hamstrings,glutes,,,,
95,1362,sphinx,1151,sphinx,back,spine,body weight,bodyweight,body weight,False,Intermediate,"Pull,Back,Upper,Full Body",Pull,True,Upper Body,Mixed,Limbs,3,8,12,5,2,glutes,hamstrings,,,,
96,1363,spine stretch,1153,spine stretch,back,spine,body weight,bodyweight,body weight,False,Intermediate,"Pull,Back,Upper,Full Body",Pull,True,Upper Body,Mixed,Limbs,3,8,12,6,2,hamstrings,glutes,,,,
97,1364,standing pelvic tilt,1169,standing pelvic tilt,back,spine,body weight,bodyweight,body weight,False,Intermediate,"Pull,Back,Upper,Full Body",Pull,True,Upper Body,Mixed,Limbs,3,8,12,5,1,abdominals,,,,,
98,3231,two toe touch (male),1197,two toe touch,back,spine,body weight,bodyweight,body weight,False,Intermediate,"Pull,Back,Upper,Full Body",Pull,True,Upper Body,Mixed,Limbs,3,8,12,5,2,hamstrings,glutes,,,,
99,1366,upward facing dog,1199,upward facing dog,back,spine,body weight,bodyweight,body weight,False,Intermediate,"Pull,Back,Upper,Full Body",Pull,True,Upper Body,Mixed,Limbs,3,8,12,6,2,shoulders,chest,,,,
100,835,weighted hyperextension (on stability ball),1217,weighted hyperextension,back,spine,weighted,other,weighted,False,Intermediate,"Pull,Back,Upper,Full Body",Pull,True,Upper Body,Mixed,Limbs,3,8,12,5,2,glutes,hamstrings,,,,
101,1018,band shrug,75,band shrug,back,traps,band,bands,band,False,Intermediate,"Pull,Back,Upper,Full Body",Pull,True,Upper Body,Mixed,Limbs,3,8,12,5,1,shoulders,,,,,
102,95,barbell shrug,189,barbell shrug,back,traps,barbell,free_weight,barbell,False,Intermediate,"Pull,Back,Upper,Full Body",Pull,True,Upper Body,Mixed,Limbs,3,8,12,5,1,shoulders,,,,,
103,220,cable shrug,364,cable shrug,back,traps,cable,cable,cable,True,Intermediate,"Pull,Back,Upper,Full Body",Pull,True,Upper Body,Mixed,Limbs,3,8,12,5,1,shoulders,,,,,
104,305,dumbbell decline shrug,471,dumbbell decline shrug,back,traps,dumbbell,free_weight,dumbbell,False,Intermediate,"Pull,Back,Upper,Full Body",Pull,True,Upper Body,Mixed,Limbs,3,8,12,6,2,shoulders,rhomboids,,,,
105,304,dumbbell decline shrug v. 2,471,dumbbell decline shrug,back,traps,dumbbell,free_weight,dumbbell,False,Intermediate,"Pull,Back,Upper,Full Body",Pull,True,Upper Body,Mixed,Limbs,3,8,12,6,2,shoulders,rhomboids,,,,
106,329,dumbbell incline shrug,509,dumbbell incline shrug,back,traps,dumbbell,free_weight,dumbbell,False,Intermediate,"Pull,Back,Upper,Full Body",Pull,True,Upper Body,Mixed,Limbs,3,8,12,5,1,shoulders,,,,,
107,406,dumbbell shrug,651,dumbbell shrug,back,traps,dumbbell,free_weight,dumbbell,False,Intermediate,"Pull,Back,Upper,Full Body",Pull,True,Upper Body,Mixed,Limbs,3,8,12,5,1,shoulders,,,,,
108,548,kettlebell sumo high pull,854,kettlebell sumo high pull,back,traps,kettlebell,free_weight,kettlebell,False,Intermediate,"Pull,Back,Upper,Full Body",Pull,True,Upper Body,Mixed,Limbs,3,8,12,6,3,shoulders,glutes,hamstrings,,,
109,580,lever gripless shrug,891,lever gripless shrug,back,traps,leverage machine,machine,leverage machine,True,Intermediate,"Pull,Back,Upper,Full Body",Pull,True,Upper Body,Mixed,Limbs,3,8,12,5,2,shoulders,forearms,,,,
110,1439,lever gripless shrug v. 2,891,lever gripless shrug,back,traps,leverage machine,machine,leverage machine,True,Intermediate,"Pull,Back,Upper,Full Body",Pull,True,Upper Body,Mixed,Limbs,3,8,12,5,2,shoulders,forearms,,,,
111,604,lever shrug,933,lever shrug,back,traps,leverage machine,machine,leverage machine,True,Intermediate,"Pull,Back,Upper,Full Body",Pull,True,Upper Body,Mixed,Limbs,3,8,12,5,1,shoulders,,,,,
112,3012,scapula dips,1048,scapula dips,back,traps,body weight,bodyweight,body weight,False,Intermediate,"Pull,Back,Upper,Full Body",Pull,True,Upper Body,Mixed,Limbs,3,8,12,5,2,rhomboids,deltoids,,,,
113,688,scapular pull-up,1050,scapular pull-up,back,traps,body weight,bodyweight,body weight,False,Intermediate,"Pull,Back,Upper,Full Body",Pull,True,Upper Body,Mixed,Limbs,3,8,12,5,3,biceps,rhomboids,rear deltoids,,,
114,746,smith back shrug,1102,smith back shrug,back,traps,smith machine,machine,smith machine,True,Intermediate,"Pull,Back,Upper,Full Body",Pull,True,Upper Body,Mixed,Limbs,3,8,12,6,1,shoulders,,,,,
115,767,smith shrug,1136,smith shrug,back,traps,smith machine,machine,smith machine,True,Intermediate,"Pull,Back,Upper,Full Body",Pull,True,Upper Body,Mixed,Limbs,3,8,12,6,1,shoulders,,,,,
116,3297,back lever,38,back lever,back,upper back,body weight,bodyweight,body weight,False,Intermediate,"Pull,Back,Upper,Full Body",Pull,True,Upper Body,Posterior,Limbs,3,8,12,6,3,biceps,forearms,core,,,
117,988,band one arm standing low row,65,band one arm standing low row,back,upper back,band,bands,band,False,Intermediate,"Pull,Back,Upper,Full Body",Pull,True,Upper Body,Posterior,Limbs,3,8,12,7,2,biceps,shoulders,,,,
118,990,band one arm twisting seated row,67,band one arm twisting seated row,back,upper back,band,bands,band,False,Intermediate,"Pull,Back,Upper,Full Body",Pull,True,Upper Body,Posterior,Limbs,3,8,12,6,2,biceps,shoulders,,,,
119,27,barbell bent over row,101,barbell bent over row,back,upper back,barbell,free_weight,barbell,False,Intermediate,"Pull,Back,Upper,Full Body",Pull,True,Upper Body,Posterior,Limbs,3,8,12,6,2,biceps,forearms,,,,
120,49,barbell incline row,131,barbell incline row,back,upper back,barbell,free_weight,barbell,False,Intermediate,"Pull,Back,Upper,Full Body",Pull,True,Upper Body,Posterior,Limbs,3,8,12,7,2,biceps,forearms,,,,
121,64,barbell one arm bent over row,148,barbell one arm bent over row,back,upper back,barbell,free_weight,barbell,False,Intermediate,"Pull,Back,Upper,Full Body",Pull,True,Upper Body,Posterior,Limbs,3,8,12,5,2,biceps,forearms,,,,
122,3017,barbell pendlay row,156,barbell pendlay row,back,upper back,barbell,free_weight,barbell,False,Intermediate,"Pull,Back,Upper,Full Body",Pull,True,Upper Body,Posterior,Limbs,3,8,12,6,2,biceps,forearms,,,,
123,118,barbell reverse grip bent over row,170,barbell reverse grip bent over row,back,upper back,barbell,free_weight,barbell,False,Intermediate,"Pull,Back,Upper,Full Body",Pull,True,Upper Body,Posterior,Limbs,3,8,12,6,2,biceps,forearms,,,,
124,1317,barbell reverse grip incline bench row,173,barbell reverse grip incline bench row,back,upper back,barbell,free_weight,barbell,False,Intermediate,"Pull,Back,Upper,Full Body",Pull,True,Upper Body,Posterior,Limbs,3,8,12,8,2,biceps,forearms,,,,
125,3168,bodyweight squatting row,245,bodyweight squatting row,back,upper back,body weight,bodyweight,body weight,False,Intermediate,"Pull,Back,Upper,Full Body",Pull,True,Upper Body,Posterior,Limbs,3,8,12,5,2,biceps,shoulders,,,,
126,3167,bodyweight squatting row (with towel),245,bodyweight squatting row,back,upper back,body weight,bodyweight,body weight,False,Intermediate,"Pull,Back,Upper,Full Body",Pull,True,Upper Body,Posterior,Limbs,3,8,12,5,2,biceps,shoulders,,,,
127,3156,bodyweight standing close-grip one arm row,247,bodyweight standing close-grip one arm row,back,upper back,body weight,bodyweight,body weight,False,Intermediate,"Pull,Back,Upper,Full Body",Pull,True,Upper Body,Posterior,Limbs,3,8,12,5,2,biceps,forearms,,,,
128,3158,bodyweight standing close-grip row,248,bodyweight standing close-grip row,back,upper back,body weight,bodyweight,body weight,False,Intermediate,"Pull,Back,Upper,Full Body",Pull,True,Upper Body,Posterior,Limbs,3,8,12,6,2,biceps,forearms,,,,
129,3162,bodyweight standing one arm row,249,bodyweight standing one arm row,back,upper back,body weight,bodyweight,body weight,False,Intermediate,"Pull,Back,Upper,Full Body",Pull,True,Upper Body,Posterior,Limbs,3,8,12,7,2,biceps,forearms,,,,
130,3161,bodyweight standing one arm row (with towel),249,bodyweight standing one arm row,back,upper back,body weight,bodyweight,body weight,False,Intermediate,"Pull,Back,Upper,Full Body",Pull,True,Upper Body,Posterior,Limbs,3,8,12,5,2,biceps,forearms,,,,
131,3166,bodyweight standing row,250,bodyweight standing row,back,upper back,body weight,bodyweight,body weight,False,Intermediate,"Pull,Back,Upper,Full Body",Pull,True,Upper Body,Posterior,Limbs,3,8,12,7,2,biceps,shoulders,,,,
132,3165,bodyweight standing row (with towel),250,bodyweight standing row,back,upper back,body weight,bodyweight,body weight,False,Intermediate,"Pull,Back,Upper,Full Body",Pull,True,Upper Body,Posterior,Limbs,3,8,12,5,2,biceps,shoulders,,,,
133,159,cable decline seated wide-grip row,273,cable decline seated wide-grip row,back,upper back,cable,cable,cable,True,Intermediate,"Pull,Back,Upper,Full Body",Pull,True,Upper Body,Posterior,Limbs,3,8,12,6,2,biceps,forearms,,,,
134,160,cable floor seated wide-grip row,275,cable floor seated wide-grip row,back,upper back,cable,cable,cable,True,Intermediate,"Pull,Back,Upper,Full Body",Pull,True,Upper Body,Posterior,Limbs,3,8,12,7,2,biceps,forearms,,,,
135,167,cable high row (kneeling),281,cable high row,back,upper back,cable,cable,cable,True,Intermediate,"Pull,Back,Upper,Full Body",Pull,True,Upper Body,Posterior,Limbs,3,8,12,6,2,biceps,shoulders,,,,
136,1318,cable incline bench row,284,cable incline bench row,back,upper back,cable,cable,cable,True,Intermediate,"Pull,Back,Upper,Full Body",Pull,True,Upper Body,Posterior,Limbs,3,8,12,7,2,biceps,rear deltoids,,,,
137,180,cable low seated row,298,cable low seated row,back,upper back,cable,cable,cable,True,Intermediate,"Pull,Back,Upper,Full Body",Pull,True,Upper Body,Posterior,Limbs,3,8,12,6,2,biceps,forearms,,,,
138,189,cable one arm bent over row,305,cable one arm bent over row,back,upper back,cable,cable,cable,True,Intermediate,"Pull,Back,Upper,Full Body",Pull,True,Upper Body,Posterior,Limbs,3,8,12,6,2,biceps,forearms,,,,
139,193,cable one arm straight back high row (kneeling),318,cable one arm straight back high row,back,upper back,cable,cable,cable,True,Intermediate,"Pull,Back,Upper,Full Body",Pull,True,Upper Body,Posterior,Limbs,3,8,12,8,2,biceps,shoulders,,,,
140,1319,cable palm rotational row,323,cable palm rotational row,back,upper back,cable,cable,cable,True,Intermediate,"Pull,Back,Upper,Full Body",Pull,True,Upper Body,Posterior,Limbs,3,8,12,8,2,biceps,forearms,,,,
141,208,cable reverse-grip straight back seated high row,340,cable reverse-grip straight back seated high row,back,upper back,cable,cable,cable,True,Intermediate,"Pull,Back,Upper,Full Body",Pull,True,Upper Body,Posterior,Limbs,3,8,12,6,2,biceps,forearms,,,,
142,1320,cable rope crossover seated row,341,cable rope crossover seated row,back,upper back,cable,cable,cable,True,Intermediate,"Pull,Back,Upper,Full Body",Pull,True,Upper Body,Posterior,Limbs,3,8,12,6,2,biceps,forearms,,,,
143,1321,cable rope elevated seated row,342,cable rope elevated seated row,back,upper back,cable,cable,cable,True,Intermediate,"Pull,Back,Upper,Full Body",Pull,True,Upper Body,Posterior,Limbs,3,8,12,7,2,biceps,forearms,,,,
144,1322,cable rope extension incline bench row,343,cable rope extension incline bench row,back,upper back,cable,cable,cable,True,Intermediate,"Pull,Back,Upper,Full Body",Pull,True,Upper Body,Posterior,Limbs,3,8,12,7,2,biceps,shoulders,,,,
145,1323,cable rope seated row,349,cable rope seated row,back,upper back,cable,cable,cable,True,Intermediate,"Pull,Back,Upper,Full Body",Pull,True,Upper Body,Posterior,Limbs,3,8,12,6,2,biceps,forearms,,,,
146,214,cable seated one arm alternate row,355,cable seated one arm alternate row,back,upper back,cable,cable,cable,True,Intermediate,"Pull,Back,Upper,Full Body",Pull,True,Upper Body,Posterior,Limbs,3,8,12,7,2,biceps,forearms,,,,
147,861,cable seated row,359,cable seated row,back,upper back,cable,cable,cable,True,Intermediate,"Pull,Back,Upper,Full Body",Pull,True,Upper Body,Posterior,Limbs,3,8,12,5,2,biceps,forearms,,,,
148,218,cable seated wide-grip row,362,cable seated wide-grip row,back,upper back,cable,cable,cable,True,Intermediate,"Pull,Back,Upper,Full Body",Pull,True,Upper Body,Posterior,Limbs,3,8,12,7,2,biceps,forearms,,,,
149,234,cable standing row (v-bar),383,cable standing row,back,upper back,cable,cable,cable,True,Intermediate,"Pull,Back,Upper,Full Body",Pull,True,Upper Body,Posterior,Limbs,3,8,12,6,2,biceps,shoulders,,,,
150,236,cable standing twist row (v-bar),385,cable standing twist row,back,upper back,cable,cable,cable,True,Intermediate,"Pull,Back,Upper,Full Body",Pull,True,Upper Body,Posterior,Limbs,3,8,12,10,2,biceps,shoulders,,,,
151,239,cable straight back seated row,388,cable straight back seated row,back,upper back,cable,cable,cable,True,Intermediate,"Pull,Back,Upper,Full Body",Pull,True,Upper Body,Posterior,Limbs,3,8,12,6,3,biceps,forearms,shoulders,,,
152,1324,cable upper row,399,cable upper row,back,upper back,cable,cable,cable,True,Intermediate,"Pull,Back,Upper,Full Body",Pull,True,Upper Body,Posterior,Limbs,3,8,12,8,2,biceps,shoulders,,,,
153,248,cambered bar lying row,406,cambered bar lying row,back,upper back,barbell,free_weight,barbell,False,Intermediate,"Pull,Back,Upper,Full Body",Pull,True,Upper Body,Posterior,Limbs,3,8,12,5,2,biceps,forearms,,,,
154,253,chin-ups (narrow parallel grip),415,chin-ups,back,upper back,body weight,bodyweight,body weight,False,Intermediate,"Pull,Back,Upper,Full Body",Pull,True,Upper Body,Posterior,Limbs,3,8,12,5,2,biceps,forearms,,,,
155,293,dumbbell bent over row,449,dumbbell bent over row,back,upper back,dumbbell,free_weight,dumbbell,False,Intermediate,"Pull,Back,Upper,Full Body",Pull,True,Upper Body,Posterior,Limbs,3,8,12,6,2,biceps,forearms,,,,
156,327,dumbbell incline row,507,dumbbell incline row,back,upper back,dumbbell,free_weight,dumbbell,False,Intermediate,"Pull,Back,Upper,Full Body",Pull,True,Upper Body,Posterior,Limbs,3,8,12,6,2,biceps,shoulders,,,,
157,3541,dumbbell incline y-raise,514,dumbbell incline y-raise,back,upper back,dumbbell,free_weight,dumbbell,False,Intermediate,"Pull,Back,Upper,Full Body",Pull,True,Upper Body,Posterior,Limbs,3,8,12,5,2,shoulders,rear deltoids,,,,
158,1328,dumbbell lying rear delt row,538,dumbbell lying rear delt row,back,upper back,dumbbell,free_weight,dumbbell,False,Intermediate,"Pull,Back,Upper,Full Body",Pull,True,Upper Body,Posterior,Limbs,3,8,12,5,2,shoulders,biceps,,,,
159,292,dumbbell one arm bent-over row,549,dumbbell one arm bent-over row,back,upper back,dumbbell,free_weight,dumbbell,False,Intermediate,"Pull,Back,Upper,Full Body",Pull,True,Upper Body,Posterior,Limbs,3,8,12,6,2,biceps,forearms,,,,
160,1329,dumbbell palm rotational bent over row,588,dumbbell palm rotational bent over row,back,upper back,dumbbell,free_weight,dumbbell,False,Intermediate,"Pull,Back,Upper,Full Body",Pull,True,Upper Body,Posterior,Limbs,3,8,12,8,2,biceps,forearms,,,,
161,1330,dumbbell reverse grip incline bench one arm row,611,dumbbell reverse grip incline bench one arm row,back,upper back,dumbbell,free_weight,dumbbell,False,Intermediate,"Pull,Back,Upper,Full Body",Pull,True,Upper Body,Posterior,Limbs,3,8,12,11,2,biceps,shoulders,,,,
162,1331,dumbbell reverse grip incline bench two arm row,612,dumbbell reverse grip incline bench two arm row,back,upper back,dumbbell,free_weight,dumbbell,False,Intermediate,"Pull,Back,Upper,Full Body",Pull,True,Upper Body,Posterior,Limbs,3,8,12,7,2,biceps,forearms,,,,
163,2327,dumbbell reverse grip row (female),613,dumbbell reverse grip row,back,upper back,dumbbell,free_weight,dumbbell,False,Intermediate,"Pull,Back,Upper,Full Body",Pull,True,Upper Body,Posterior,Limbs,3,8,12,7,2,biceps,forearms,,,,
164,3664,dumbbell side plank with rear fly,654,dumbbell side plank with rear fly,back,upper back,dumbbell,free_weight,dumbbell,False,Intermediate,"Pull,Back,Upper,Full Body",Pull,True,Upper Body,Posterior,Limbs,3,8,12,7,2,shoulders,core,,,,
165,1772,elbow lift - reverse push-up,708,elbow lift - reverse push-up,back,upper back,body weight,bodyweight,body weight,False,Intermediate,"Pull,Back,Upper,Full Body",Pull,True,Upper Body,Posterior,Limbs,3,8,12,5,2,triceps,shoulders,,,,
166,3292,elevator,710,elevator,back,upper back,body weight,bodyweight,body weight,False,Intermediate,"Pull,Back,Upper,Full Body",Pull,True,Upper Body,Posterior,Limbs,3,8,12,5,2,shoulders,trapezius,,,,
167,1344,ez bar reverse grip bent over row,733,ez bar reverse grip bent over row,back,upper back,ez barbell,free_weight,ez barbell,False,Intermediate,"Pull,Back,Upper,Full Body",Pull,True,Upper Body,Posterior,Limbs,3,8,12,6,2,biceps,forearms,,,,
168,3295,front lever reps,764,front lever reps,back,upper back,body weight,bodyweight,body weight,False,Intermediate,"Pull,Back,Upper,Full Body",Pull,True,Upper Body,Posterior,Limbs,3,8,12,6,2,core,shoulders,,,,
169,499,inverted row,808,inverted row,back,upper back,body weight,bodyweight,body weight,False,Intermediate,"Pull,Back,Upper,Full Body",Pull,True,Upper Body,Posterior,Limbs,3,8,12,7,2,biceps,forearms,,,,
170,2300,inverted row bent knees,809,inverted row bent knees,back,upper back,body weight,bodyweight,body weight,False,Intermediate,"Pull,Back,Upper,Full Body",Pull,True,Upper Body,Posterior,Limbs,3,8,12,6,2,biceps,forearms,,,,
171,2298,inverted row on bench,810,inverted row on bench,back,upper back,body weight,bodyweight,body weight,False,Intermediate,"Pull,Back,Upper,Full Body",Pull,True,Upper Body,Posterior,Limbs,3,8,12,7,2,biceps,forearms,,,,
172,497,inverted row v. 2,808,inverted row,back,upper back,body weight,bodyweight,body weight,False,Intermediate,"Pull,Back,Upper,Full Body",Pull,True,Upper Body,Posterior,Limbs,3,8,12,6,2,biceps,forearms,,,,
173,498,inverted row with straps,811,inverted row with straps,back,upper back,body weight,bodyweight,body weight,False,Intermediate,"Pull,Back,Upper,Full Body",Pull,True,Upper Body,Posterior,Limbs,3,8,12,7,2,biceps,forearms,,,,
174,521,kettlebell alternating renegade row,825,kettlebell alternating renegade row,back,upper back,kettlebell,free_weight,kettlebell,False,Intermediate,"Pull,Back,Upper,Full Body",Pull,True,Upper Body,Posterior,Limbs,3,8,12,5,2,core,shoulders,,,,
175,522,kettlebell alternating row,826,kettlebell alternating row,back,upper back,kettlebell,free_weight,kettlebell,False,Intermediate,"Pull,Back,Upper,Full Body",Pull,True,Upper Body,Posterior,Limbs,3,8,12,5,2,biceps,forearms,,,,
176,541,kettlebell one arm row,846,kettlebell one arm row,back,upper back,kettlebell,free_weight,kettlebell,False,Intermediate,"Pull,Back,Upper,Full Body",Pull,True,Upper Body,Posterior,Limbs,3,8,12,5,2,biceps,forearms,,,,
177,1345,kettlebell two arm row,860,kettlebell two arm row,back,upper back,kettlebell,free_weight,kettlebell,False,Intermediate,"Pull,Back,Upper,Full Body",Pull,True,Upper Body,Posterior,Limbs,3,8,12,5,2,biceps,forearms,,,,
178,571,lever alternating narrow grip seated row,879,lever alternating narrow grip seated row,back,upper back,leverage machine,machine,leverage machine,True,Intermediate,"Pull,Back,Upper,Full Body",Pull,True,Upper Body,Posterior,Limbs,3,8,12,8,2,biceps,forearms,,,,
179,574,lever bent over row,882,lever bent over row,back,upper back,barbell,free_weight,barbell,False,Intermediate,"Pull,Back,Upper,Full Body",Pull,True,Upper Body,Posterior,Limbs,3,8,12,6,2,biceps,forearms,,,,
180,3200,lever bent-over row with v-bar,883,lever bent-over row with v-bar,back,upper back,leverage machine,machine,leverage machine,True,Intermediate,"Pull,Back,Upper,Full Body",Pull,True,Upper Body,Posterior,Limbs,3,8,12,5,2,biceps,forearms,,,,
181,581,lever high row,894,lever high row,back,upper back,leverage machine,machine,leverage machine,True,Intermediate,"Pull,Back,Upper,Full Body",Pull,True,Upper Body,Posterior,Limbs,3,8,12,7,2,biceps,rear deltoids,,,,
182,588,lever narrow grip seated row,905,lever narrow grip seated row,back,upper back,leverage machine,machine,leverage machine,True,Intermediate,"Pull,Back,Upper,Full Body",Pull,True,Upper Body,Posterior,Limbs,3,8,12,8,2,biceps,forearms,,,,
183,589,lever one arm bent over row,906,lever one arm bent over row,back,upper back,barbell,free_weight,barbell,False,Intermediate,"Pull,Back,Upper,Full Body",Pull,True,Upper Body,Posterior,Limbs,3,8,12,7,2,biceps,forearms,,,,
184,1356,lever one arm lateral high row,907,lever one arm lateral high row,back,upper back,leverage machine,machine,leverage machine,True,Intermediate,"Pull,Back,Upper,Full Body",Pull,True,Upper Body,Posterior,Limbs,3,8,12,6,2,biceps,shoulders,,,,
185,1348,lever reverse grip vertical row,915,lever reverse grip vertical row,back,upper back,leverage machine,machine,leverage machine,True,Intermediate,"Pull,Back,Upper,Full Body",Pull,True,Upper Body,Posterior,Limbs,3,8,12,7,2,biceps,forearms,,,,
186,1349,lever reverse t-bar row,917,lever reverse t-bar row,back,upper back,leverage machine,machine,leverage machine,True,Intermediate,"Pull,Back,Upper,Full Body",Pull,True,Upper Body,Posterior,Limbs,3,8,12,7,2,biceps,forearms,,,,
187,1350,lever seated row,930,lever seated row,back,upper back,leverage machine,machine,leverage machine,True,Intermediate,"Pull,Back,Upper,Full Body",Pull,True,Upper Body,Posterior,Limbs,3,8,12,8,2,biceps,forearms,,,,
188,606,lever t bar row,936,lever t bar row,back,upper back,leverage machine,machine,leverage machine,True,Intermediate,"Pull,Back,Upper,Full Body",Pull,True,Upper Body,Posterior,Limbs,3,8,12,7,2,biceps,forearms,,,,
189,1351,lever t-bar reverse grip row,937,lever t-bar reverse grip row,back,upper back,leverage machine,machine,leverage machine,True,Intermediate,"Pull,Back,Upper,Full Body",Pull,True,Upper Body,Posterior,Limbs,3,8,12,6,2,biceps,forearms,,,,
190,1313,lever unilateral row,939,lever unilateral row,back,upper back,leverage machine,machine,leverage machine,True,Intermediate,"Pull,Back,Upper,Full Body",Pull,True,Upper Body,Posterior,Limbs,3,8,12,5,2,biceps,forearms,,,,
191,609,london bridge,940,london bridge,back,upper back,rope,other,rope,False,Intermediate,"Pull,Back,Upper,Full Body",Pull,True,Upper Body,Posterior,Limbs,3,8,12,7,3,shoulders,biceps,forearms,,,
192,1354,medicine ball overhead slam,958,medicine ball overhead slam,back,upper back,medicine ball,medicine_ball,medicine ball,False,Intermediate,"Pull,Back,Upper,Full Body",Pull,True,Upper Body,Posterior,Limbs,3,8,12,5,2,shoulders,core,,,,
193,1773,one arm towel row,978,one arm towel row,back,upper back,body weight,bodyweight,body weight,False,Intermediate,"Pull,Back,Upper,Full Body",Pull,True,Upper Body,Posterior,Limbs,3,8,12,6,2,biceps,forearms,,,,
194,3144,resistance band seated straight back row,1025,resistance band seated straight back row,back,upper back,resistance band,bands,resistance band,False,Intermediate,"Pull,Back,Upper,Full Body",Pull,True,Upper Body,Posterior,Limbs,3,8,12,6,2,biceps,shoulders,,,,
195,680,rope climb,1044,rope climb,back,upper back,rope,other,rope,False,Intermediate,"Pull,Back,Upper,Full Body",Pull,True,Upper Body,Posterior,Limbs,3,8,12,8,3,forearms,biceps,shoulders,,,
196,3304,skin the cat,1088,skin the cat,back,upper back,body weight,bodyweight,body weight,False,Intermediate,"Pull,Back,Upper,Full Body",Pull,True,Upper Body,Posterior,Limbs,3,8,12,6,2,shoulders,core,,,,
197,1359,smith bent over row,1106,smith bent over row,back,upper back,smith machine,machine,smith machine,True,Intermediate,"Pull,Back,Upper,Full Body",Pull,True,Upper Body,Posterior,Limbs,3,8,12,7,2,biceps,forearms,,,,
198,761,smith narrow row,1125,smith narrow row,back,upper back,smith machine,machine,smith machine,True,Intermediate,"Pull,Back,Upper,Full Body",Pull,True,Upper Body,Posterior,Limbs,3,8,12,5,2,biceps,rear deltoids,,,,
199,1360,smith one arm row,1126,smith one arm row,back,upper back,smith machine,machine,smith machine,True,Intermediate,"Pull,Back,Upper,Full Body",Pull,True,Upper Body,Posterior,Limbs,3,8,12,7,2,biceps,forearms,,,,
200,1361,smith reverse grip bent over row,1130,smith reverse grip bent over row,back,upper back,smith machine,machine,smith machine,True,Intermediate,"Pull,Back,Upper,Full Body",Pull,True,Upper Body,Posterior,Limbs,3,8,12,7,2,biceps,forearms,,,,
201,3669,standing archer,1162,standing archer,back,upper back,body weight,bodyweight,body weight,False,Intermediate,"Pull,Back,Upper,Full Body",Pull,True,Upper Body,Posterior,Limbs,3,8,12,7,3,shoulders,biceps,forearms,,,
202,808,suspended row,1182,suspended row,back,upper back,body weight,bodyweight,body weight,False,Intermediate,"Pull,Back,Upper,Full Body",Pull,True,Upper Body,Posterior,Limbs,3,8,12,7,2,biceps,shoulders,,,,
203,1365,upper back stretch,1198,upper back stretch,back,upper back,body weight,bodyweight,body weight,False,Intermediate,"Pull,Back,Upper,Full Body",Pull,True,Upper Body,Posterior,Limbs,3,8,12,6,1,shoulders,,,,,
204,3220,astride jumps (male),35,astride jumps,cardio,cardiovascular system,body weight,bodyweight,body weight,False,Intermediate,"Cardio,Full Body",Cardio,False,Cardio,Mixed,Cardio,1,1,1,6,3,quadriceps,hamstrings,calves,,,
205,3672,back and forth step,36,back and forth step,cardio,cardiovascular system,body weight,bodyweight,body weight,False,Intermediate,"Cardio,Full Body",Cardio,False,Cardio,Mixed,Cardio,1,1,1,6,4,quadriceps,hamstrings,glutes,calves,,
206,3360,bear crawl,230,bear crawl,cardio,cardiovascular system,body weight,bodyweight,body weight,False,Intermediate,"Cardio,Full Body",Cardio,False,Cardio,Mixed,Cardio,1,1,1,6,3,core,shoulders,triceps,,,
207,1160,burpee,254,burpee,cardio,cardiovascular system,body weight,bodyweight,body weight,False,Intermediate,"Cardio,Full Body",Cardio,False,Cardio,Mixed,Cardio,1,1,1,7,5,quadriceps,hamstrings,calves,shoulders,chest,
208,2331,cycle cross trainer,428,cycle cross trainer,cardio,cardiovascular system,leverage machine,machine,leverage machine,True,Intermediate,"Cardio,Full Body",Cardio,False,Cardio,Mixed,Cardio,1,1,1,5,3,quadriceps,hamstrings,glutes,,,
209,1201,dumbbell burpee,457,dumbbell burpee,cardio,cardiovascular system,dumbbell,free_weight,dumbbell,False,Intermediate,"Cardio,Full Body",Cardio,False,Cardio,Mixed,Cardio,1,1,1,8,6,quadriceps,hamstrings,calves,shoulders,triceps,core
210,3221,half knee bends (male),777,half knee bends,cardio,cardiovascular system,body weight,bodyweight,body weight,False,Intermediate,"Cardio,Full Body",Cardio,False,Cardio,Mixed,Cardio,1,1,1,5,3,quadriceps,hamstrings,glutes,,,
211,3636,high knee against wall,792,high knee against wall,cardio,cardiovascular system,body weight,bodyweight,body weight,False,Intermediate,"Cardio,Full Body",Cardio,False,Cardio,Mixed,Cardio,1,1,1,7,4,quadriceps,hamstrings,glutes,calves,,
212,501,jack burpee,815,jack burpee,cardio,cardiovascular system,body weight,bodyweight,body weight,False,Intermediate,"Cardio,Full Body",Cardio,False,Cardio,Mixed,Cardio,1,1,1,7,6,quadriceps,hamstrings,calves,shoulders,triceps,core
213,3224,jack jump (male),816,jack jump,cardio,cardiovascular system,body weight,bodyweight,body weight,False,Intermediate,"Cardio,Full Body",Cardio,False,Cardio,Mixed,Cardio,1,1,1,4,2,quadriceps,calves,,,,
214,2612,jump rope,819,jump rope,cardio,cardiovascular system,rope,other,rope,False,Intermediate,"Cardio,Full Body",Cardio,False,Cardio,Mixed,Cardio,1,1,1,5,4,calves,quadriceps,hamstrings,glutes,,
215,630,mountain climber,964,mountain climber,cardio,cardiovascular system,body weight,bodyweight,body weight,False,Intermediate,"Cardio,Full Body",Cardio,False,Cardio,Mixed,Cardio,1,1,1,5,3,core,shoulders,triceps,,,
216,3638,push to run,1002,push to run,cardio,cardiovascular system,body weight,bodyweight,body weight,False,Intermediate,"Cardio,Full Body",Cardio,False,Cardio,Mixed,Cardio,1,1,1,6,3,quadriceps,hamstrings,calves,,,
217,685,run,1045,run,cardio,cardiovascular system,body weight,bodyweight,body weight,False,Intermediate,"Cardio,Full Body",Cardio,False,Cardio,Mixed,Cardio,1,1,1,5,3,quadriceps,hamstrings,calves,,,
218,684,run (equipment),1045,run,cardio,cardiovascular system,body weight,bodyweight,body weight,False,Intermediate,"Cardio,Full Body",Cardio,False,Cardio,Mixed,Cardio,1,1,1,5,3,quadriceps,hamstrings,calves,,,
219,3219,scissor jumps (male),1051,scissor jumps,cardio,cardiovascular system,body weight,bodyweight,body weight,False,Intermediate,"Cardio,Full Body",Cardio,False,Cardio,Mixed,Cardio,1,1,1,5,3,quadriceps,hamstrings,calves,,,
220,3222,semi squat jump (male),1060,semi squat jump,cardio,cardiovascular system,body weight,bodyweight,body weight,False,Intermediate,"Cardio,Full Body",Cardio,False,Cardio,Mixed,Cardio,1,1,1,5,3,quadriceps,hamstrings,calves,,,
221,3656,short stride run,1061,short stride run,cardio,cardiovascular system,body weight,bodyweight,body weight,False,Intermediate,"Cardio,Full Body",Cardio,False,Cardio,Mixed,Cardio,1,1,1,5,3,quadriceps,hamstrings,calves,,,
222,3361,skater hops,1085,skater hops,cardio,cardiovascular system,body weight,bodyweight,body weight,False,Intermediate,"Cardio,Full Body",Cardio,False,Cardio,Mixed,Cardio,1,1,1,7,4,quadriceps,hamstrings,glutes,calves,,
223,3671,ski step,1087,ski step,cardio,cardiovascular system,body weight,bodyweight,body weight,False,Intermediate,"Cardio,Full Body",Cardio,False,Cardio,Mixed,Cardio,1,1,1,6,4,quadriceps,hamstrings,glutes,calves,,
224,3223,star jump (male),1172,star jump,cardio,cardiovascular system,body weight,bodyweight,body weight,False,Intermediate,"Cardio,Full Body",Cardio,False,Cardio,Mixed,Cardio,1,1,1,5,3,quadriceps,hamstrings,calves,,,
225,2138,stationary bike run v. 3,1173,stationary bike run,cardio,cardiovascular system,stationary bike,other,stationary bike,False,Intermediate,"Cardio,Full Body",Cardio,False,Cardio,Mixed,Cardio,1,1,1,8,3,quadriceps,hamstrings,calves,,,
226,798,stationary bike walk,1174,stationary bike walk,cardio,cardiovascular system,leverage machine,machine,leverage machine,True,Intermediate,"Cardio,Full Body",Cardio,False,Cardio,Mixed,Cardio,1,1,1,7,3,quadriceps,hamstrings,calves,,,
227,3318,swing 360,1185,swing 360,cardio,cardiovascular system,body weight,bodyweight,body weight,False,Intermediate,"Cardio,Full Body",Cardio,False,Cardio,Mixed,Cardio,1,1,1,5,2,shoulders,core,,,,
228,2141,walk elliptical cross trainer,1202,walk elliptical cross trainer,cardio,cardiovascular system,elliptical machine,machine,elliptical machine,True,Intermediate,"Cardio,Full Body",Cardio,False,Cardio,Mixed,Cardio,1,1,1,7,4,quadriceps,hamstrings,glutes,calves,,
229,3655,walking high knees lunge,1203,walking high knees lunge,cardio,cardiovascular system,body weight,bodyweight,body weight,False,Intermediate,"Cardio,Full Body",Cardio,False,Cardio,Mixed,Cardio,1,1,1,7,4,quadriceps,hamstrings,glutes,calves,,
230,3666,walking on incline treadmill,1205,walking on incline treadmill,cardio,cardiovascular system,leverage machine,machine,leverage machine,True,Intermediate,"Cardio,Full Body",Cardio,False,Cardio,Mixed,Cardio,1,1,1,6,3,quadriceps,hamstrings,calves,,,
231,2311,walking on stepmill,1206,walking on stepmill,cardio,cardiovascular system,stepmill machine,machine,stepmill machine,True,Intermediate,"Cardio,Full Body",Cardio,False,Cardio,Mixed,Cardio,1,1,1,7,4,quadriceps,hamstrings,glutes,calves,,
232,3637,wheel run,1240,wheel run,cardio,cardiovascular system,body weight,bodyweight,body weight,False,Intermediate,"Cardio,Full Body",Cardio,False,Cardio,Mixed,Cardio,1,1,1,5,3,quadriceps,hamstrings,calves,,,
233,3294,archer push up,8,archer push up,chest,pectorals,body weight,bodyweight,body weight,False,Intermediate,"Push,Upper,Chest,Full Body",Horizontal Push,True,Upper Body,Anterior,Limbs,3,8,12,6,3,triceps,shoulders,core,,,
234,9,assisted chest dip (kneeling),13,assisted chest dip,chest,pectorals,leverage machine,machine,leverage machine,True,Intermediate,"Push,Upper,Chest,Full Body",Horizontal Push,True,Upper Body,Anterior,Limbs,3,8,12,5,2,triceps,shoulders,,,,
235,1716,assisted seated pectoralis major stretch with stability ball,27,assisted seated pectoralis major stretch with stability ball,chest,pectorals,assisted,assisted,assisted,False,Intermediate,"Push,Upper,Chest,Full Body",Horizontal Push,True,Upper Body,Anterior,Limbs,3,8,12,5,2,shoulders,triceps,,,,
236,2364,assisted wide-grip chest dip (kneeling),34,assisted wide-grip chest dip,chest,pectorals,leverage machine,machine,leverage machine,True,Intermediate,"Push,Upper,Chest,Full Body",Horizontal Push,True,Upper Body,Anterior,Limbs,3,8,12,5,2,triceps,shoulders,,,,
237,1254,band bench press,46,band bench press,chest,pectorals,band,bands,band,False,Intermediate,"Push,Upper,Chest,Full Body",Horizontal Push,True,Upper Body,Anterior,Limbs,3,8,12,5,2,triceps,shoulders,,,,
238,989,band one arm twisting chest press,66,band one arm twisting chest press,chest,pectorals,band,bands,band,False,Intermediate,"Push,Upper,Chest,Full Body",Horizontal Push,True,Upper Body,Anterior,Limbs,3,8,12,8,2,shoulders,triceps,,,,
239,25,barbell bench press,98,barbell bench press,chest,pectorals,barbell,free_weight,barbell,False,Intermediate,"Push,Upper,Chest,Full Body",Horizontal Push,True,Upper Body,Anterior,Limbs,3,8,12,7,2,triceps,shoulders,,,,
240,33,barbell decline bench press,108,barbell decline bench press,chest,pectorals,barbell,free_weight,barbell,False,Intermediate,"Push,Upper,Chest,Full Body",Horizontal Push,True,Upper Body,Anterior,Limbs,3,8,12,5,2,triceps,shoulders,,,,
241,1255,barbell decline pullover,111,barbell decline pullover,chest,pectorals,barbell,free_weight,barbell,False,Intermediate,"Push,Upper,Chest,Full Body",Horizontal Push,True,Upper Body,Anterior,Limbs,3,8,12,6,2,triceps,shoulders,,,,
242,36,barbell decline wide-grip press,112,barbell decline wide-grip press,chest,pectorals,barbell,free_weight,barbell,False,Intermediate,"Push,Upper,Chest,Full Body",Horizontal Push,True,Upper Body,Anterior,Limbs,3,8,12,5,2,triceps,shoulders,,,,
243,40,barbell front raise and pullover,118,barbell front raise and pullover,chest,pectorals,barbell,free_weight,barbell,False,Intermediate,"Push,Upper,Chest,Full Body",Horizontal Push,True,Upper Body,Anterior,Limbs,3,8,12,6,2,deltoids,triceps,,,,
244,45,barbell guillotine bench press,125,barbell guillotine bench press,chest,pectorals,barbell,free_weight,barbell,False,Intermediate,"Push,Upper,Chest,Full Body",Horizontal Push,True,Upper Body,Anterior,Limbs,3,8,12,6,2,shoulders,triceps,,,,
245,47,barbell incline bench press,128,barbell incline bench press,chest,pectorals,barbell,free_weight,barbell,False,Intermediate,"Push,Upper,Chest,Full Body",Horizontal Push,True,Upper Body,Anterior,Limbs,3,8,12,6,2,shoulders,triceps,,,,
246,1256,barbell reverse grip decline bench press,171,barbell reverse grip decline bench press,chest,pectorals,barbell,free_weight,barbell,False,Intermediate,"Push,Upper,Chest,Full Body",Horizontal Push,True,Upper Body,Anterior,Limbs,3,8,12,5,2,triceps,shoulders,,,,
247,1257,barbell reverse grip incline bench press,172,barbell reverse grip incline bench press,chest,pectorals,barbell,free_weight,barbell,False,Intermediate,"Push,Upper,Chest,Full Body",Horizontal Push,True,Upper Body,Anterior,Limbs,3,8,12,7,2,triceps,shoulders,,,,
248,122,barbell wide bench press,222,barbell wide bench press,chest,pectorals,barbell,free_weight,barbell,False,Intermediate,"Push,Upper,Chest,Full Body",Horizontal Push,True,Upper Body,Anterior,Limbs,3,8,12,6,2,shoulders,triceps,,,,
249,1258,barbell wide reverse grip bench press,223,barbell wide reverse grip bench press,chest,pectorals,barbell,free_weight,barbell,False,Intermediate,"Push,Upper,Chest,Full Body",Horizontal Push,True,Upper Body,Anterior,Limbs,3,8,12,6,2,triceps,shoulders,,,,
250,1259,behind head chest stretch,231,behind head chest stretch,chest,pectorals,assisted,assisted,assisted,False,Intermediate,"Push,Upper,Chest,Full Body",Horizontal Push,True,Upper Body,Anterior,Limbs,3,8,12,5,2,shoulders,triceps,,,,
251,151,cable bench press,261,cable bench press,chest,pectorals,cable,cable,cable,True,Intermediate,"Push,Upper,Chest,Full Body",Horizontal Push,True,Upper Body,Anterior,Limbs,3,8,12,8,2,triceps,shoulders,,,,
252,155,cable cross-over variation,267,cable cross-over variation,chest,pectorals,cable,cable,cable,True,Intermediate,"Push,Upper,Chest,Full Body",Horizontal Push,True,Upper Body,Anterior,Limbs,3,8,12,7,2,deltoids,triceps,,,,
253,158,cable decline fly,270,cable decline fly,chest,pectorals,cable,cable,cable,True,Intermediate,"Push,Upper,Chest,Full Body",Horizontal Push,True,Upper Body,Anterior,Limbs,3,8,12,6,2,shoulders,triceps,,,,
254,1260,cable decline one arm press,271,cable decline one arm press,chest,pectorals,cable,cable,cable,True,Intermediate,"Push,Upper,Chest,Full Body",Horizontal Push,True,Upper Body,Anterior,Limbs,3,8,12,6,2,triceps,shoulders,,,,
255,1261,cable decline press,272,cable decline press,chest,pectorals,cable,cable,cable,True,Intermediate,"Push,Upper,Chest,Full Body",Horizontal Push,True,Upper Body,Anterior,Limbs,3,8,12,8,2,triceps,shoulders,,,,
256,169,cable incline bench press,283,cable incline bench press,chest,pectorals,cable,cable,cable,True,Intermediate,"Push,Upper,Chest,Full Body",Horizontal Push,True,Upper Body,Anterior,Limbs,3,8,12,7,2,deltoids,triceps,,,,
257,171,cable incline fly,285,cable incline fly,chest,pectorals,cable,cable,cable,True,Intermediate,"Push,Upper,Chest,Full Body",Horizontal Push,True,Upper Body,Anterior,Limbs,3,8,12,6,2,deltoids,triceps,,,,
258,170,cable incline fly (on stability ball),285,cable incline fly,chest,pectorals,cable,cable,cable,True,Intermediate,"Push,Upper,Chest,Full Body",Horizontal Push,True,Upper Body,Anterior,Limbs,3,8,12,9,2,deltoids,triceps,,,,
259,179,cable low fly,297,cable low fly,chest,pectorals,cable,cable,cable,True,Intermediate,"Push,Upper,Chest,Full Body",Horizontal Push,True,Upper Body,Anterior,Limbs,3,8,12,7,2,deltoids,triceps,,,,
260,185,cable lying fly,302,cable lying fly,chest,pectorals,cable,cable,cable,True,Intermediate,"Push,Upper,Chest,Full Body",Horizontal Push,True,Upper Body,Anterior,Limbs,3,8,12,5,2,deltoids,triceps,,,,
261,188,cable middle fly,304,cable middle fly,chest,pectorals,cable,cable,cable,True,Intermediate,"Push,Upper,Chest,Full Body",Horizontal Push,True,Upper Body,Anterior,Limbs,3,8,12,7,2,deltoids,triceps,,,,
262,1262,cable one arm decline chest fly,307,cable one arm decline chest fly,chest,pectorals,cable,cable,cable,True,Intermediate,"Push,Upper,Chest,Full Body",Horizontal Push,True,Upper Body,Anterior,Limbs,3,8,12,6,2,shoulders,triceps,,,,
263,1263,cable one arm fly on exercise ball,308,cable one arm fly on exercise ball,chest,pectorals,cable,cable,cable,True,Intermediate,"Push,Upper,Chest,Full Body",Horizontal Push,True,Upper Body,Anterior,Limbs,3,8,12,6,2,deltoids,triceps,,,,
264,1264,cable one arm incline fly on exercise ball,309,cable one arm incline fly on exercise ball,chest,pectorals,cable,cable,cable,True,Intermediate,"Push,Upper,Chest,Full Body",Horizontal Push,True,Upper Body,Anterior,Limbs,3,8,12,5,2,deltoids,triceps,,,,
265,1265,cable one arm incline press,310,cable one arm incline press,chest,pectorals,cable,cable,cable,True,Intermediate,"Push,Upper,Chest,Full Body",Horizontal Push,True,Upper Body,Anterior,Limbs,3,8,12,7,2,deltoids,triceps,,,,
266,1266,cable one arm incline press on exercise ball,311,cable one arm incline press on exercise ball,chest,pectorals,cable,cable,cable,True,Intermediate,"Push,Upper,Chest,Full Body",Horizontal Push,True,Upper Body,Anterior,Limbs,3,8,12,5,2,shoulders,triceps,,,,
267,191,cable one arm lateral bent-over,312,cable one arm lateral bent-over,chest,pectorals,cable,cable,cable,True,Intermediate,"Push,Upper,Chest,Full Body",Horizontal Push,True,Upper Body,Anterior,Limbs,3,8,12,6,2,deltoids,trapezius,,,,
268,1267,cable one arm press on exercise ball,315,cable one arm press on exercise ball,chest,pectorals,cable,cable,cable,True,Intermediate,"Push,Upper,Chest,Full Body",Horizontal Push,True,Upper Body,Anterior,Limbs,3,8,12,6,2,shoulders,triceps,,,,
269,1268,cable press on exercise ball,325,cable press on exercise ball,chest,pectorals,cable,cable,cable,True,Intermediate,"Push,Upper,Chest,Full Body",Horizontal Push,True,Upper Body,Anterior,Limbs,3,8,12,5,2,shoulders,triceps,,,,
270,2144,cable seated chest press,351,cable seated chest press,chest,pectorals,cable,cable,cable,True,Intermediate,"Push,Upper,Chest,Full Body",Horizontal Push,True,Upper Body,Anterior,Limbs,3,8,12,6,2,shoulders,triceps,,,,
271,227,cable standing fly,374,cable standing fly,chest,pectorals,cable,cable,cable,True,Intermediate,"Push,Upper,Chest,Full Body",Horizontal Push,True,Upper Body,Anterior,Limbs,3,8,12,9,2,deltoids,triceps,,,,
272,1269,cable standing up straight crossovers,386,cable standing up straight crossovers,chest,pectorals,cable,cable,cable,True,Intermediate,"Push,Upper,Chest,Full Body",Horizontal Push,True,Upper Body,Anterior,Limbs,3,8,12,5,2,deltoids,triceps,,,,
273,1270,cable upper chest crossovers,398,cable upper chest crossovers,chest,pectorals,cable,cable,cable,True,Intermediate,"Push,Upper,Chest,Full Body",Horizontal Push,True,Upper Body,Anterior,Limbs,3,8,12,8,2,deltoids,triceps,,,,
274,1271,chest and front of shoulder stretch,409,chest and front of shoulder stretch,chest,pectorals,body weight,bodyweight,body weight,False,Intermediate,"Push,Upper,Chest,Full Body",Horizontal Push,True,Upper Body,Anterior,Limbs,3,8,12,7,1,deltoids,,,,,
275,251,chest dip,410,chest dip,chest,pectorals,body weight,bodyweight,body weight,False,Intermediate,"Push,Upper,Chest,Full Body",Horizontal Push,True,Upper Body,Anterior,Limbs,3,8,12,4,2,triceps,shoulders,,,,
276,1430,chest dip (on dip-pull-up cage),410,chest dip,chest,pectorals,body weight,bodyweight,body weight,False,Intermediate,"Push,Upper,Chest,Full Body",Horizontal Push,True,Upper Body,Anterior,Limbs,3,8,12,8,2,triceps,shoulders,,,,
277,2462,chest dip on straight bar,411,chest dip on straight bar,chest,pectorals,body weight,bodyweight,body weight,False,Intermediate,"Push,Upper,Chest,Full Body",Horizontal Push,True,Upper Body,Anterior,Limbs,3,8,12,5,2,triceps,shoulders,,,,
278,1272,chest stretch with exercise ball,412,chest stretch with exercise ball,chest,pectorals,stability ball,bodyweight_stability,stability ball,False,Intermediate,"Push,Upper,Chest,Full Body",Horizontal Push,True,Upper Body,Anterior,Limbs,3,8,12,5,2,shoulders,triceps,,,,
279,3216,chest tap push-up (male),413,chest tap push-up,chest,pectorals,body weight,bodyweight,body weight,False,Intermediate,"Push,Upper,Chest,Full Body",Horizontal Push,True,Upper Body,Anterior,Limbs,3,8,12,6,2,triceps,shoulders,,,,
280,1273,clap push up,417,clap push up,chest,pectorals,body weight,bodyweight,body weight,False,Intermediate,"Push,Upper,Chest,Full Body",Horizontal Push,True,Upper Body,Anterior,Limbs,3,8,12,5,2,triceps,shoulders,,,,
281,258,clock push-up,418,clock push-up,chest,pectorals,body weight,bodyweight,body weight,False,Intermediate,"Push,Upper,Chest,Full Body",Horizontal Push,True,Upper Body,Anterior,Limbs,3,8,12,6,3,triceps,shoulders,core,,,
282,279,decline push-up,431,decline push-up,chest,pectorals,body weight,bodyweight,body weight,False,Intermediate,"Push,Upper,Chest,Full Body",Horizontal Push,True,Upper Body,Anterior,Limbs,3,8,12,5,2,triceps,shoulders,,,,
283,1274,deep push up,433,deep push up,chest,pectorals,dumbbell,free_weight,dumbbell,False,Intermediate,"Push,Upper,Chest,Full Body",Horizontal Push,True,Upper Body,Anterior,Limbs,3,8,12,4,2,triceps,shoulders,,,,
284,1275,drop push up,436,drop push up,chest,pectorals,body weight,bodyweight,body weight,False,Intermediate,"Push,Upper,Chest,Full Body",Horizontal Push,True,Upper Body,Anterior,Limbs,3,8,12,5,2,triceps,shoulders,,,,
285,288,dumbbell around pullover,445,dumbbell around pullover,chest,pectorals,dumbbell,free_weight,dumbbell,False,Intermediate,"Push,Upper,Chest,Full Body",Horizontal Push,True,Upper Body,Anterior,Limbs,3,8,12,5,2,triceps,latissimus dorsi,,,,
286,289,dumbbell bench press,446,dumbbell bench press,chest,pectorals,dumbbell,free_weight,dumbbell,False,Intermediate,"Push,Upper,Chest,Full Body",Horizontal Push,True,Upper Body,Anterior,Limbs,3,8,12,5,2,triceps,shoulders,,,,
287,301,dumbbell decline bench press,466,dumbbell decline bench press,chest,pectorals,dumbbell,free_weight,dumbbell,False,Intermediate,"Push,Upper,Chest,Full Body",Horizontal Push,True,Upper Body,Anterior,Limbs,3,8,12,5,2,triceps,shoulders,,,,
288,302,dumbbell decline fly,467,dumbbell decline fly,chest,pectorals,dumbbell,free_weight,dumbbell,False,Intermediate,"Push,Upper,Chest,Full Body",Horizontal Push,True,Upper Body,Anterior,Limbs,3,8,12,5,1,shoulders,,,,,
289,303,dumbbell decline hammer press,468,dumbbell decline hammer press,chest,pectorals,dumbbell,free_weight,dumbbell,False,Intermediate,"Push,Upper,Chest,Full Body",Horizontal Push,True,Upper Body,Anterior,Limbs,3,8,12,5,2,triceps,shoulders,,,,
290,1276,dumbbell decline one arm fly,469,dumbbell decline one arm fly,chest,pectorals,dumbbell,free_weight,dumbbell,False,Intermediate,"Push,Upper,Chest,Full Body",Horizontal Push,True,Upper Body,Anterior,Limbs,3,8,12,6,1,shoulders,,,,,
291,307,dumbbell decline twist fly,473,dumbbell decline twist fly,chest,pectorals,dumbbell,free_weight,dumbbell,False,Intermediate,"Push,Upper,Chest,Full Body",Horizontal Push,True,Upper Body,Anterior,Limbs,3,8,12,6,2,shoulders,triceps,,,,
292,308,dumbbell fly,475,dumbbell fly,chest,pectorals,dumbbell,free_weight,dumbbell,False,Intermediate,"Push,Upper,Chest,Full Body",Horizontal Push,True,Upper Body,Anterior,Limbs,3,8,12,5,1,shoulders,,,,,
293,1277,dumbbell fly on exercise ball,476,dumbbell fly on exercise ball,chest,pectorals,dumbbell,free_weight,dumbbell,False,Intermediate,"Push,Upper,Chest,Full Body",Horizontal Push,True,Upper Body,Anterior,Limbs,3,8,12,6,2,shoulders,triceps,,,,
294,3545,dumbbell incline alternate press,485,dumbbell incline alternate press,chest,pectorals,dumbbell,free_weight,dumbbell,False,Intermediate,"Push,Upper,Chest,Full Body",Horizontal Push,True,Upper Body,Anterior,Limbs,3,8,12,6,2,shoulders,triceps,,,,
295,314,dumbbell incline bench press,486,dumbbell incline bench press,chest,pectorals,dumbbell,free_weight,dumbbell,False,Intermediate,"Push,Upper,Chest,Full Body",Horizontal Push,True,Upper Body,Anterior,Limbs,3,8,12,6,2,shoulders,triceps,,,,
296,316,dumbbell incline breeding,488,dumbbell incline breeding,chest,pectorals,dumbbell,free_weight,dumbbell,False,Intermediate,"Push,Upper,Chest,Full Body",Horizontal Push,True,Upper Body,Anterior,Limbs,3,8,12,7,2,shoulders,triceps,,,,
297,319,dumbbell incline fly,490,dumbbell incline fly,chest,pectorals,dumbbell,free_weight,dumbbell,False,Intermediate,"Push,Upper,Chest,Full Body",Horizontal Push,True,Upper Body,Anterior,Limbs,3,8,12,6,1,shoulders,,,,,
298,1278,dumbbell incline fly on exercise ball,491,dumbbell incline fly on exercise ball,chest,pectorals,dumbbell,free_weight,dumbbell,False,Intermediate,"Push,Upper,Chest,Full Body",Horizontal Push,True,Upper Body,Anterior,Limbs,3,8,12,6,1,shoulders,,,,,
299,321,dumbbell incline hammer press,493,dumbbell incline hammer press,chest,pectorals,dumbbell,free_weight,dumbbell,False,Intermediate,"Push,Upper,Chest,Full Body",Horizontal Push,True,Upper Body,Anterior,Limbs,3,8,12,5,2,shoulders,triceps,,,,
300,1279,dumbbell incline one arm fly,496,dumbbell incline one arm fly,chest,pectorals,dumbbell,free_weight,dumbbell,False,Intermediate,"Push,Upper,Chest,Full Body",Horizontal Push,True,Upper Body,Anterior,Limbs,3,8,12,7,2,deltoids,triceps,,,,
301,1280,dumbbell incline one arm fly on exercise ball,497,dumbbell incline one arm fly on exercise ball,chest,pectorals,dumbbell,free_weight,dumbbell,False,Intermediate,"Push,Upper,Chest,Full Body",Horizontal Push,True,Upper Body,Anterior,Limbs,3,8,12,7,1,shoulders,,,,,
302,1281,dumbbell incline one arm press,501,dumbbell incline one arm press,chest,pectorals,dumbbell,free_weight,dumbbell,False,Intermediate,"Push,Upper,Chest,Full Body",Horizontal Push,True,Upper Body,Anterior,Limbs,3,8,12,5,2,shoulders,triceps,,,,
303,1282,dumbbell incline one arm press on exercise ball,502,dumbbell incline one arm press on exercise ball,chest,pectorals,dumbbell,free_weight,dumbbell,False,Intermediate,"Push,Upper,Chest,Full Body",Horizontal Push,True,Upper Body,Anterior,Limbs,3,8,12,6,2,shoulders,triceps,,,,
304,324,dumbbell incline palm-in press,503,dumbbell incline palm-in press,chest,pectorals,dumbbell,free_weight,dumbbell,False,Intermediate,"Push,Upper,Chest,Full Body",Horizontal Push,True,Upper Body,Anterior,Limbs,3,8,12,7,2,shoulders,triceps,,,,
305,1283,dumbbell incline press on exercise ball,504,dumbbell incline press on exercise ball,chest,pectorals,dumbbell,free_weight,dumbbell,False,Intermediate,"Push,Upper,Chest,Full Body",Horizontal Push,True,Upper Body,Anterior,Limbs,3,8,12,6,2,shoulders,triceps,,,,
306,331,dumbbell incline twisted flyes,512,dumbbell incline twisted flyes,chest,pectorals,dumbbell,free_weight,dumbbell,False,Intermediate,"Push,Upper,Chest,Full Body",Horizontal Push,True,Upper Body,Anterior,Limbs,3,8,12,6,2,shoulders,triceps,,,,
307,340,dumbbell lying hammer press,528,dumbbell lying hammer press,chest,pectorals,dumbbell,free_weight,dumbbell,False,Intermediate,"Push,Upper,Chest,Full Body",Horizontal Push,True,Upper Body,Anterior,Limbs,3,8,12,4,2,triceps,shoulders,,,,
308,343,dumbbell lying one arm press,531,dumbbell lying one arm press,chest,pectorals,dumbbell,free_weight,dumbbell,False,Intermediate,"Push,Upper,Chest,Full Body",Horizontal Push,True,Upper Body,Anterior,Limbs,3,8,12,5,2,triceps,shoulders,,,,
309,342,dumbbell lying one arm press v. 2,531,dumbbell lying one arm press,chest,pectorals,dumbbell,free_weight,dumbbell,False,Intermediate,"Push,Upper,Chest,Full Body",Horizontal Push,True,Upper Body,Anterior,Limbs,3,8,12,6,2,triceps,shoulders,,,,
310,1284,dumbbell lying pullover on exercise ball,537,dumbbell lying pullover on exercise ball,chest,pectorals,dumbbell,free_weight,dumbbell,False,Intermediate,"Push,Upper,Chest,Full Body",Horizontal Push,True,Upper Body,Anterior,Limbs,3,8,12,5,3,triceps,shoulders,back,,,
311,1285,dumbbell one arm bench fly,548,dumbbell one arm bench fly,chest,pectorals,dumbbell,free_weight,dumbbell,False,Intermediate,"Push,Upper,Chest,Full Body",Horizontal Push,True,Upper Body,Anterior,Limbs,3,8,12,7,1,shoulders,,,,,
312,1286,dumbbell one arm chest fly on exercise ball,550,dumbbell one arm chest fly on exercise ball,chest,pectorals,dumbbell,free_weight,dumbbell,False,Intermediate,"Push,Upper,Chest,Full Body",Horizontal Push,True,Upper Body,Anterior,Limbs,3,8,12,7,2,shoulders,triceps,,,,
313,1287,dumbbell one arm decline chest press,552,dumbbell one arm decline chest press,chest,pectorals,dumbbell,free_weight,dumbbell,False,Intermediate,"Push,Upper,Chest,Full Body",Horizontal Push,True,Upper Body,Anterior,Limbs,3,8,12,5,2,triceps,shoulders,,,,
314,1288,dumbbell one arm fly on exercise ball,553,dumbbell one arm fly on exercise ball,chest,pectorals,dumbbell,free_weight,dumbbell,False,Intermediate,"Push,Upper,Chest,Full Body",Horizontal Push,True,Upper Body,Anterior,Limbs,3,8,12,6,2,shoulders,triceps,,,,
315,1289,dumbbell one arm incline chest press,557,dumbbell one arm incline chest press,chest,pectorals,dumbbell,free_weight,dumbbell,False,Intermediate,"Push,Upper,Chest,Full Body",Horizontal Push,True,Upper Body,Anterior,Limbs,3,8,12,6,2,shoulders,triceps,,,,
316,1290,dumbbell one arm press on exercise ball,561,dumbbell one arm press on exercise ball,chest,pectorals,dumbbell,free_weight,dumbbell,False,Intermediate,"Push,Upper,Chest,Full Body",Horizontal Push,True,Upper Body,Anterior,Limbs,3,8,12,5,3,shoulders,triceps,core,,,
317,1291,dumbbell one arm pullover on exercise ball,564,dumbbell one arm pullover on exercise ball,chest,pectorals,dumbbell,free_weight,dumbbell,False,Intermediate,"Push,Upper,Chest,Full Body",Horizontal Push,True,Upper Body,Anterior,Limbs,3,8,12,5,3,triceps,latissimus dorsi,rhomboids,,,
318,1622,dumbbell one arm reverse grip press,567,dumbbell one arm reverse grip press,chest,pectorals,dumbbell,free_weight,dumbbell,False,Intermediate,"Push,Upper,Chest,Full Body",Horizontal Push,True,Upper Body,Anterior,Limbs,3,8,12,6,2,triceps,shoulders,,,,
319,1292,dumbbell one leg fly on exercise ball,581,dumbbell one leg fly on exercise ball,chest,pectorals,dumbbell,free_weight,dumbbell,False,Intermediate,"Push,Upper,Chest,Full Body",Horizontal Push,True,Upper Body,Anterior,Limbs,3,8,12,6,2,shoulders,triceps,,,,
320,1293,dumbbell press on exercise ball,594,dumbbell press on exercise ball,chest,pectorals,dumbbell,free_weight,dumbbell,False,Intermediate,"Push,Upper,Chest,Full Body",Horizontal Push,True,Upper Body,Anterior,Limbs,3,8,12,6,2,shoulders,triceps,,,,
321,375,dumbbell pullover,598,dumbbell pullover,chest,pectorals,dumbbell,free_weight,dumbbell,False,Intermediate,"Push,Upper,Chest,Full Body",Horizontal Push,True,Upper Body,Anterior,Limbs,3,8,12,5,2,latissimus dorsi,triceps,,,,
322,1294,dumbbell pullover hip extension on exercise ball,599,dumbbell pullover hip extension on exercise ball,chest,pectorals,dumbbell,free_weight,dumbbell,False,Intermediate,"Push,Upper,Chest,Full Body",Horizontal Push,True,Upper Body,Anterior,Limbs,3,8,12,8,3,triceps,shoulders,core,,,
323,1295,dumbbell pullover on exercise ball,600,dumbbell pullover on exercise ball,chest,pectorals,dumbbell,free_weight,dumbbell,False,Intermediate,"Push,Upper,Chest,Full Body",Horizontal Push,True,Upper Body,Anterior,Limbs,3,8,12,4,2,triceps,latissimus dorsi,,,,
324,1624,dumbbell reverse bench press,609,dumbbell reverse bench press,chest,pectorals,dumbbell,free_weight,dumbbell,False,Intermediate,"Push,Upper,Chest,Full Body",Horizontal Push,True,Upper Body,Anterior,Limbs,3,8,12,6,2,triceps,shoulders,,,,
325,433,dumbbell straight arm pullover,692,dumbbell straight arm pullover,chest,pectorals,dumbbell,free_weight,dumbbell,False,Intermediate,"Push,Upper,Chest,Full Body",Horizontal Push,True,Upper Body,Anterior,Limbs,3,8,12,5,2,latissimus dorsi,triceps,,,,
326,1167,dynamic chest stretch (male),706,dynamic chest stretch,chest,pectorals,body weight,bodyweight,body weight,False,Intermediate,"Push,Upper,Chest,Full Body",Horizontal Push,True,Upper Body,Anterior,Limbs,3,8,12,6,2,shoulders,triceps,,,,
327,1296,exercise ball pike push up,725,exercise ball pike push up,chest,pectorals,stability ball,bodyweight_stability,stability ball,False,Intermediate,"Push,Upper,Chest,Full Body",Horizontal Push,True,Upper Body,Anterior,Limbs,3,8,12,6,3,shoulders,triceps,core,,,
328,458,floor fly (with barbell),756,floor fly,chest,pectorals,barbell,free_weight,barbell,False,Intermediate,"Push,Upper,Chest,Full Body",Horizontal Push,True,Upper Body,Anterior,Limbs,3,8,12,6,2,deltoids,triceps,,,,
329,3327,full planche push-up,768,full planche push-up,chest,pectorals,body weight,bodyweight,body weight,False,Intermediate,"Push,Upper,Chest,Full Body",Horizontal Push,True,Upper Body,Anterior,Limbs,3,8,12,7,3,shoulders,triceps,core,,,
330,2139,hands bike,780,hands bike,chest,pectorals,upper body ergometer,machine,upper body ergometer,True,Intermediate,"Push,Upper,Chest,Full Body",Horizontal Push,True,Upper Body,Anterior,Limbs,3,8,12,5,2,triceps,shoulders,,,,
331,3234,hyght dumbbell fly,795,hyght dumbbell fly,chest,pectorals,dumbbell,free_weight,dumbbell,False,Intermediate,"Push,Upper,Chest,Full Body",Horizontal Push,True,Upper Body,Anterior,Limbs,3,8,12,5,1,shoulders,,,,,
332,492,incline push up depth jump,801,incline push up depth jump,chest,pectorals,body weight,bodyweight,body weight,False,Intermediate,"Push,Upper,Chest,Full Body",Horizontal Push,True,Upper Body,Anterior,Limbs,3,8,12,6,3,triceps,shoulders,core,,,
333,493,incline push-up,802,incline push-up,chest,pectorals,body weight,bodyweight,body weight,False,Intermediate,"Push,Upper,Chest,Full Body",Horizontal Push,True,Upper Body,Anterior,Limbs,3,8,12,5,2,triceps,shoulders,,,,
334,3785,incline push-up (on box),802,incline push-up,chest,pectorals,body weight,bodyweight,body weight,False,Intermediate,"Push,Upper,Chest,Full Body",Horizontal Push,True,Upper Body,Anterior,Limbs,3,8,12,5,2,triceps,shoulders,,,,
335,494,incline reverse grip push-up,803,incline reverse grip push-up,chest,pectorals,body weight,bodyweight,body weight,False,Intermediate,"Push,Upper,Chest,Full Body",Horizontal Push,True,Upper Body,Anterior,Limbs,3,8,12,5,2,triceps,shoulders,,,,
336,1297,isometric chest squeeze,813,isometric chest squeeze,chest,pectorals,body weight,bodyweight,body weight,False,Intermediate,"Push,Upper,Chest,Full Body",Horizontal Push,True,Upper Body,Anterior,Limbs,3,8,12,6,2,triceps,shoulders,,,,
337,500,isometric wipers,814,isometric wipers,chest,pectorals,body weight,bodyweight,body weight,False,Intermediate,"Push,Upper,Chest,Full Body",Horizontal Push,True,Upper Body,Anterior,Limbs,3,8,12,7,3,shoulders,triceps,core,,,
338,519,kettlebell alternating press on floor,824,kettlebell alternating press on floor,chest,pectorals,kettlebell,free_weight,kettlebell,False,Intermediate,"Push,Upper,Chest,Full Body",Horizontal Push,True,Upper Body,Anterior,Limbs,3,8,12,5,2,shoulders,triceps,,,,
339,531,kettlebell extended range one arm press on floor,835,kettlebell extended range one arm press on floor,chest,pectorals,kettlebell,free_weight,kettlebell,False,Intermediate,"Push,Upper,Chest,Full Body",Horizontal Push,True,Upper Body,Anterior,Limbs,3,8,12,5,2,triceps,shoulders,,,,
340,1298,kettlebell one arm floor press,842,kettlebell one arm floor press,chest,pectorals,kettlebell,free_weight,kettlebell,False,Intermediate,"Push,Upper,Chest,Full Body",Horizontal Push,True,Upper Body,Anterior,Limbs,3,8,12,5,2,triceps,shoulders,,,,
341,545,kettlebell plyo push-up,850,kettlebell plyo push-up,chest,pectorals,kettlebell,free_weight,kettlebell,False,Intermediate,"Push,Upper,Chest,Full Body",Horizontal Push,True,Upper Body,Anterior,Limbs,3,8,12,5,3,triceps,shoulders,core,,,
342,3211,kneeling push-up (male),868,kneeling push-up,chest,pectorals,body weight,bodyweight,body weight,False,Intermediate,"Push,Upper,Chest,Full Body",Horizontal Push,True,Upper Body,Anterior,Limbs,3,8,12,5,2,triceps,shoulders,,,,
343,3288,korean dips,869,korean dips,chest,pectorals,body weight,bodyweight,body weight,False,Intermediate,"Push,Upper,Chest,Full Body",Horizontal Push,True,Upper Body,Anterior,Limbs,3,8,12,4,2,triceps,shoulders,,,,
344,577,lever chest press,886,lever chest press,chest,pectorals,leverage machine,machine,leverage machine,True,Intermediate,"Push,Upper,Chest,Full Body",Horizontal Push,True,Upper Body,Anterior,Limbs,3,8,12,5,2,triceps,shoulders,,,,
345,1300,lever decline chest press,888,lever decline chest press,chest,pectorals,leverage machine,machine,leverage machine,True,Intermediate,"Push,Upper,Chest,Full Body",Horizontal Push,True,Upper Body,Anterior,Limbs,3,8,12,7,2,triceps,shoulders,,,,
346,1299,lever incline chest press,897,lever incline chest press,chest,pectorals,leverage machine,machine,leverage machine,True,Intermediate,"Push,Upper,Chest,Full Body",Horizontal Push,True,Upper Body,Anterior,Limbs,3,8,12,6,2,shoulders,triceps,,,,
347,1479,lever incline chest press v. 2,897,lever incline chest press,chest,pectorals,leverage machine,machine,leverage machine,True,Intermediate,"Push,Upper,Chest,Full Body",Horizontal Push,True,Upper Body,Anterior,Limbs,3,8,12,6,2,triceps,shoulders,,,,
348,596,lever seated fly,923,lever seated fly,chest,pectorals,leverage machine,machine,leverage machine,True,Intermediate,"Push,Upper,Chest,Full Body",Horizontal Push,True,Upper Body,Anterior,Limbs,3,8,12,6,2,deltoids,trapezius,,,,
349,3758,lever standing chest press,935,lever standing chest press,chest,pectorals,leverage machine,machine,leverage machine,True,Intermediate,"Push,Upper,Chest,Full Body",Horizontal Push,True,Upper Body,Anterior,Limbs,3,8,12,5,2,shoulders,triceps,,,,
350,1301,machine inner chest press,949,machine inner chest press,chest,pectorals,leverage machine,machine,leverage machine,True,Intermediate,"Push,Upper,Chest,Full Body",Horizontal Push,True,Upper Body,Anterior,Limbs,3,8,12,5,2,triceps,shoulders,,,,
351,1302,medicine ball chest pass,952,medicine ball chest pass,chest,pectorals,medicine ball,medicine_ball,medicine ball,False,Intermediate,"Push,Upper,Chest,Full Body",Horizontal Push,True,Upper Body,Anterior,Limbs,3,8,12,5,2,shoulders,triceps,,,,
352,1303,medicine ball chest push from 3 point stance,953,medicine ball chest push from 3 point stance,chest,pectorals,medicine ball,medicine_ball,medicine ball,False,Intermediate,"Push,Upper,Chest,Full Body",Horizontal Push,True,Upper Body,Anterior,Limbs,3,8,12,5,2,shoulders,triceps,,,,
353,1304,medicine ball chest push multiple response,954,medicine ball chest push multiple response,chest,pectorals,medicine ball,medicine_ball,medicine ball,False,Intermediate,"Push,Upper,Chest,Full Body",Horizontal Push,True,Upper Body,Anterior,Limbs,3,8,12,4,2,triceps,shoulders,,,,
354,1305,medicine ball chest push single response,955,medicine ball chest push single response,chest,pectorals,medicine ball,medicine_ball,medicine ball,False,Intermediate,"Push,Upper,Chest,Full Body",Horizontal Push,True,Upper Body,Anterior,Limbs,3,8,12,4,2,triceps,shoulders,,,,
355,1312,medicine ball chest push with run release,956,medicine ball chest push with run release,chest,pectorals,medicine ball,medicine_ball,medicine ball,False,Intermediate,"Push,Upper,Chest,Full Body",Horizontal Push,True,Upper Body,Anterior,Limbs,3,8,12,6,3,triceps,shoulders,core,,,
356,3217,modified hindu push-up (male),961,modified hindu push-up,chest,pectorals,body weight,bodyweight,body weight,False,Intermediate,"Push,Upper,Chest,Full Body",Horizontal Push,True,Upper Body,Anterior,Limbs,3,8,12,5,3,triceps,shoulders,core,,,
357,1306,plyo push up,989,plyo push up,chest,pectorals,body weight,bodyweight,body weight,False,Intermediate,"Push,Upper,Chest,Full Body",Horizontal Push,True,Upper Body,Anterior,Limbs,3,8,12,5,3,triceps,shoulders,core,,,
358,1689,push and pull bodyweight,1001,push and pull bodyweight,chest,pectorals,body weight,bodyweight,body weight,False,Intermediate,"Push,Upper,Chest,Full Body",Horizontal Push,True,Upper Body,Anterior,Limbs,3,8,12,6,2,triceps,deltoids,,,,
359,1307,push up on bosu ball,1003,push up on bosu ball,chest,pectorals,bosu ball,bodyweight_stability,bosu ball,False,Intermediate,"Push,Upper,Chest,Full Body",Horizontal Push,True,Upper Body,Anterior,Limbs,3,8,12,5,3,triceps,shoulders,core,,,
360,662,push-up,1004,push-up,chest,pectorals,body weight,bodyweight,body weight,False,Intermediate,"Push,Upper,Chest,Full Body",Horizontal Push,True,Upper Body,Anterior,Limbs,3,8,12,4,3,triceps,deltoids,core,,,
361,653,push-up (bosu ball),1004,push-up,chest,pectorals,bosu ball,bodyweight_stability,bosu ball,False,Intermediate,"Push,Upper,Chest,Full Body",Horizontal Push,True,Upper Body,Anterior,Limbs,3,8,12,5,3,triceps,shoulders,core,,,
362,655,push-up (on stability ball),1004,push-up,chest,pectorals,stability ball,bodyweight_stability,stability ball,False,Intermediate,"Push,Upper,Chest,Full Body",Horizontal Push,True,Upper Body,Anterior,Limbs,3,8,12,5,3,triceps,shoulders,core,,,
363,659,push-up (wall),1004,push-up,chest,pectorals,body weight,bodyweight,body weight,False,Intermediate,"Push,Upper,Chest,Full Body",Horizontal Push,True,Upper Body,Anterior,Limbs,3,8,12,6,2,triceps,deltoids,,,,
364,658,push-up (wall) v. 2,1004,push-up,chest,pectorals,body weight,bodyweight,body weight,False,Intermediate,"Push,Upper,Chest,Full Body",Horizontal Push,True,Upper Body,Anterior,Limbs,3,8,12,7,2,triceps,shoulders,,,,
365,663,push-up medicine ball,1007,push-up medicine ball,chest,pectorals,medicine ball,medicine_ball,medicine ball,False,Intermediate,"Push,Upper,Chest,Full Body",Horizontal Push,True,Upper Body,Anterior,Limbs,3,8,12,4,3,triceps,shoulders,core,,,
366,3145,push-up plus,1009,push-up plus,chest,pectorals,body weight,bodyweight,body weight,False,Intermediate,"Push,Upper,Chest,Full Body",Horizontal Push,True,Upper Body,Anterior,Limbs,3,8,12,6,2,triceps,shoulders,,,,
367,666,raise single arm push-up,1014,raise single arm push-up,chest,pectorals,body weight,bodyweight,body weight,False,Intermediate,"Push,Upper,Chest,Full Body",Horizontal Push,True,Upper Body,Anterior,Limbs,3,8,12,5,3,triceps,shoulders,core,,,
368,3124,resistance band seated chest press,1022,resistance band seated chest press,chest,pectorals,resistance band,bands,resistance band,False,Intermediate,"Push,Upper,Chest,Full Body",Horizontal Push,True,Upper Body,Anterior,Limbs,3,8,12,5,2,shoulders,triceps,,,,
369,2203,roller seated shoulder flexor depresor retractor,1041,roller seated shoulder flexor depresor retractor,chest,pectorals,roller,other,roller,False,Intermediate,"Push,Upper,Chest,Full Body",Horizontal Push,True,Upper Body,Anterior,Limbs,3,8,12,5,2,deltoids,triceps,,,,
370,2209,roller seated single leg shoulder flexor depresor retractor,1042,roller seated single leg shoulder flexor depresor retractor,chest,pectorals,roller,other,roller,False,Intermediate,"Push,Upper,Chest,Full Body",Horizontal Push,True,Upper Body,Anterior,Limbs,3,8,12,6,2,deltoids,triceps,,,,
371,699,shoulder tap push-up,1064,shoulder tap push-up,chest,pectorals,body weight,bodyweight,body weight,False,Intermediate,"Push,Upper,Chest,Full Body",Horizontal Push,True,Upper Body,Anterior,Limbs,3,8,12,7,2,triceps,core,,,,
372,725,single arm push-up,1077,single arm push-up,chest,pectorals,body weight,bodyweight,body weight,False,Intermediate,"Push,Upper,Chest,Full Body",Horizontal Push,True,Upper Body,Anterior,Limbs,3,8,12,5,3,triceps,shoulders,core,,,
373,748,smith bench press,1104,smith bench press,chest,pectorals,smith machine,machine,smith machine,True,Intermediate,"Push,Upper,Chest,Full Body",Horizontal Push,True,Upper Body,Anterior,Limbs,3,8,12,7,2,triceps,shoulders,,,,
374,753,smith decline bench press,1110,smith decline bench press,chest,pectorals,smith machine,machine,smith machine,True,Intermediate,"Push,Upper,Chest,Full Body",Horizontal Push,True,Upper Body,Anterior,Limbs,3,8,12,6,2,triceps,shoulders,,,,
375,754,smith decline reverse-grip press,1111,smith decline reverse-grip press,chest,pectorals,smith machine,machine,smith machine,True,Intermediate,"Push,Upper,Chest,Full Body",Horizontal Push,True,Upper Body,Anterior,Limbs,3,8,12,6,2,triceps,shoulders,,,,
376,757,smith incline bench press,1116,smith incline bench press,chest,pectorals,smith machine,machine,smith machine,True,Intermediate,"Push,Upper,Chest,Full Body",Horizontal Push,True,Upper Body,Anterior,Limbs,3,8,12,6,2,shoulders,triceps,,,,
377,758,smith incline reverse-grip press,1117,smith incline reverse-grip press,chest,pectorals,smith machine,machine,smith machine,True,Intermediate,"Push,Upper,Chest,Full Body",Horizontal Push,True,Upper Body,Anterior,Limbs,3,8,12,7,2,triceps,shoulders,,,,
378,1626,smith machine reverse decline close grip bench press,1124,smith machine reverse decline close grip bench press,chest,pectorals,smith machine,machine,smith machine,True,Intermediate,"Push,Upper,Chest,Full Body",Horizontal Push,True,Upper Body,Anterior,Limbs,3,8,12,6,2,triceps,shoulders,,,,
379,764,smith reverse-grip press,1131,smith reverse-grip press,chest,pectorals,smith machine,machine,smith machine,True,Intermediate,"Push,Upper,Chest,Full Body",Horizontal Push,True,Upper Body,Anterior,Limbs,3,8,12,8,2,triceps,shoulders,,,,
380,1308,smith wide grip bench press,1147,smith wide grip bench press,chest,pectorals,smith machine,machine,smith machine,True,Intermediate,"Push,Upper,Chest,Full Body",Horizontal Push,True,Upper Body,Anterior,Limbs,3,8,12,7,2,triceps,shoulders,,,,
381,1309,smith wide grip decline bench press,1148,smith wide grip decline bench press,chest,pectorals,smith machine,machine,smith machine,True,Intermediate,"Push,Upper,Chest,Full Body",Horizontal Push,True,Upper Body,Anterior,Limbs,3,8,12,7,2,triceps,shoulders,,,,
382,803,superman push-up,1178,superman push-up,chest,pectorals,body weight,bodyweight,body weight,False,Intermediate,"Push,Upper,Chest,Full Body",Horizontal Push,True,Upper Body,Anterior,Limbs,3,8,12,6,2,core,shoulders,,,,
383,806,suspended push-up,1180,suspended push-up,chest,pectorals,body weight,bodyweight,body weight,False,Intermediate,"Push,Upper,Chest,Full Body",Horizontal Push,True,Upper Body,Anterior,Limbs,3,8,12,6,3,triceps,shoulders,core,,,
384,1310,weighted drop push up,1213,weighted drop push up,chest,pectorals,weighted,other,weighted,False,Intermediate,"Push,Upper,Chest,Full Body",Horizontal Push,True,Upper Body,Anterior,Limbs,3,8,12,7,2,triceps,shoulders,,,,
385,3313,weighted straight bar dip,1233,weighted straight bar dip,chest,pectorals,weighted,other,weighted,False,Intermediate,"Push,Upper,Chest,Full Body",Horizontal Push,True,Upper Body,Anterior,Limbs,3,8,12,4,2,triceps,shoulders,,,,
386,856,weighted svend press,1235,weighted svend press,chest,pectorals,weighted,other,weighted,False,Intermediate,"Push,Upper,Chest,Full Body",Horizontal Push,True,Upper Body,Anterior,Limbs,3,8,12,5,2,shoulders,triceps,,,,
387,1311,wide hand push up,1243,wide hand push up,chest,pectorals,body weight,bodyweight,body weight,False,Intermediate,"Push,Upper,Chest,Full Body",Horizontal Push,True,Upper Body,Anterior,Limbs,3,8,12,5,2,triceps,shoulders,,,,
388,2363,wide-grip chest dip on high parallel bars,1244,wide-grip chest dip on high parallel bars,chest,pectorals,body weight,bodyweight,body weight,False,Intermediate,"Push,Upper,Chest,Full Body",Horizontal Push,True,Upper Body,Anterior,Limbs,3,8,12,4,2,triceps,shoulders,,,,
389,50,barbell incline shoulder raise,132,barbell incline shoulder raise,chest,serratus anterior,barbell,free_weight,barbell,False,Intermediate,"Push,Upper,Chest,Full Body",Horizontal Push,True,Upper Body,Mixed,Limbs,3,8,12,7,2,deltoids,trapezius,,,,
390,328,dumbbell incline shoulder raise,508,dumbbell incline shoulder raise,chest,serratus anterior,dumbbell,free_weight,dumbbell,False,Intermediate,"Push,Upper,Chest,Full Body",Horizontal Push,True,Upper Body,Mixed,Limbs,3,8,12,6,2,deltoids,trapezius,,,,
391,3011,incline scapula push up,804,incline scapula push up,chest,serratus anterior,body weight,bodyweight,body weight,False,Intermediate,"Push,Upper,Chest,Full Body",Horizontal Push,True,Upper Body,Mixed,Limbs,3,8,12,7,2,triceps,shoulders,,,,
392,3021,scapula push-up,1049,scapula push-up,chest,serratus anterior,body weight,bodyweight,body weight,False,Intermediate,"Push,Upper,Chest,Full Body",Horizontal Push,True,Upper Body,Mixed,Limbs,3,8,12,5,2,triceps,shoulders,,,,
393,759,smith incline shoulder raises,1118,smith incline shoulder raises,chest,serratus anterior,smith machine,machine,smith machine,True,Intermediate,"Push,Upper,Chest,Full Body",Horizontal Push,True,Upper Body,Mixed,Limbs,3,8,12,7,2,deltoids,trapezius,,,,
394,994,band reverse wrist curl,71,band reverse wrist curl,lower arms,forearms,band,bands,band,False,Intermediate,"Arms,Upper,Full Body",Other,False,Upper Body,Mixed,Limbs,3,10,12,6,1,forearms,,,,,
395,1016,band wrist curl,94,band wrist curl,lower arms,forearms,band,bands,band,False,Intermediate,"Arms,Upper,Full Body",Other,False,Upper Body,Mixed,Limbs,3,10,12,5,2,biceps,triceps,,,,
396,1411,barbell palms down wrist curl over a bench,154,barbell palms down wrist curl over a bench,lower arms,forearms,barbell,free_weight,barbell,False,Intermediate,"Arms,Upper,Full Body",Other,False,Upper Body,Mixed,Limbs,3,10,12,5,2,biceps,brachialis,,,,
397,1412,barbell palms up wrist curl over a bench,155,barbell palms up wrist curl over a bench,lower arms,forearms,barbell,free_weight,barbell,False,Intermediate,"Arms,Upper,Full Body",Other,False,Upper Body,Mixed,Limbs,3,10,12,5,2,biceps,shoulders,,,,
398,79,barbell revers wrist curl v. 2,167,barbell revers wrist curl,lower arms,forearms,barbell,free_weight,barbell,False,Intermediate,"Arms,Upper,Full Body",Other,False,Upper Body,Mixed,Limbs,3,10,12,6,2,biceps,brachialis,,,,
399,82,barbell reverse wrist curl,176,barbell reverse wrist curl,lower arms,forearms,barbell,free_weight,barbell,False,Intermediate,"Arms,Upper,Full Body",Other,False,Upper Body,Mixed,Limbs,3,10,12,5,2,biceps,brachialis,,,,
400,104,barbell standing back wrist curl,201,barbell standing back wrist curl,lower arms,forearms,barbell,free_weight,barbell,False,Intermediate,"Arms,Upper,Full Body",Other,False,Upper Body,Mixed,Limbs,3,10,12,5,2,biceps,shoulders,,,,
401,126,barbell wrist curl,226,barbell wrist curl,lower arms,forearms,barbell,free_weight,barbell,False,Intermediate,"Arms,Upper,Full Body",Other,False,Upper Body,Mixed,Limbs,3,10,12,5,2,biceps,brachialis,,,,
402,125,barbell wrist curl v. 2,226,barbell wrist curl,lower arms,forearms,barbell,free_weight,barbell,False,Intermediate,"Arms,Upper,Full Body",Other,False,Upper Body,Mixed,Limbs,3,10,12,6,2,biceps,brachialis,,,,
403,210,cable reverse wrist curl,338,cable reverse wrist curl,lower arms,forearms,cable,cable,cable,True,Intermediate,"Arms,Upper,Full Body",Other,False,Upper Body,Mixed,Limbs,3,10,12,6,2,forearms,wrists,,,,
404,224,cable standing back wrist curl,370,cable standing back wrist curl,lower arms,forearms,cable,cable,cable,True,Intermediate,"Arms,Upper,Full Body",Other,False,Upper Body,Mixed,Limbs,3,10,12,6,2,biceps,brachialis,,,,
405,247,cable wrist curl,402,cable wrist curl,lower arms,forearms,cable,cable,cable,True,Intermediate,"Arms,Upper,Full Body",Other,False,Upper Body,Mixed,Limbs,3,10,12,7,2,biceps,brachialis,,,,
406,1437,dumbbell finger curls,474,dumbbell finger curls,lower arms,forearms,dumbbell,free_weight,dumbbell,False,Intermediate,"Arms,Upper,Full Body",Other,False,Upper Body,Mixed,Limbs,3,10,12,4,2,wrist flexors,wrist extensors,,,,
407,347,dumbbell lying pronation,535,dumbbell lying pronation,lower arms,forearms,dumbbell,free_weight,dumbbell,False,Intermediate,"Arms,Upper,Full Body",Other,False,Upper Body,Mixed,Limbs,3,10,12,5,2,biceps,shoulders,,,,
408,2705,dumbbell lying pronation on floor,536,dumbbell lying pronation on floor,lower arms,forearms,dumbbell,free_weight,dumbbell,False,Intermediate,"Arms,Upper,Full Body",Other,False,Upper Body,Mixed,Limbs,3,10,12,6,2,biceps,triceps,,,,
409,349,dumbbell lying supination,541,dumbbell lying supination,lower arms,forearms,dumbbell,free_weight,dumbbell,False,Intermediate,"Arms,Upper,Full Body",Other,False,Upper Body,Mixed,Limbs,3,10,12,5,2,biceps,shoulders,,,,
410,2706,dumbbell lying supination on floor,542,dumbbell lying supination on floor,lower arms,forearms,dumbbell,free_weight,dumbbell,False,Intermediate,"Arms,Upper,Full Body",Other,False,Upper Body,Mixed,Limbs,3,10,12,5,2,biceps,shoulders,,,,
411,358,dumbbell one arm reverse wrist curl,565,dumbbell one arm reverse wrist curl,lower arms,forearms,dumbbell,free_weight,dumbbell,False,Intermediate,"Arms,Upper,Full Body",Other,False,Upper Body,Mixed,Limbs,3,10,12,6,1,wrist extensors,,,,,
412,1415,dumbbell one arm seated neutral wrist curl,572,dumbbell one arm seated neutral wrist curl,lower arms,forearms,dumbbell,free_weight,dumbbell,False,Intermediate,"Arms,Upper,Full Body",Other,False,Upper Body,Mixed,Limbs,3,10,12,5,2,biceps,brachialis,,,,
413,364,dumbbell one arm wrist curl,579,dumbbell one arm wrist curl,lower arms,forearms,dumbbell,free_weight,dumbbell,False,Intermediate,"Arms,Upper,Full Body",Other,False,Upper Body,Mixed,Limbs,3,10,12,5,2,biceps,brachialis,,,,
414,1441,dumbbell over bench one arm reverse wrist curl,584,dumbbell over bench one arm reverse wrist curl,lower arms,forearms,dumbbell,free_weight,dumbbell,False,Intermediate,"Arms,Upper,Full Body",Other,False,Upper Body,Mixed,Limbs,3,10,12,5,2,biceps,brachialis,,,,
415,367,dumbbell over bench one arm wrist curl,585,dumbbell over bench one arm wrist curl,lower arms,forearms,dumbbell,free_weight,dumbbell,False,Intermediate,"Arms,Upper,Full Body",Other,False,Upper Body,Mixed,Limbs,3,10,12,5,2,biceps,shoulders,,,,
416,368,dumbbell over bench revers wrist curl,586,dumbbell over bench revers wrist curl,lower arms,forearms,dumbbell,free_weight,dumbbell,False,Intermediate,"Arms,Upper,Full Body",Other,False,Upper Body,Mixed,Limbs,3,10,12,5,2,biceps,brachialis,,,,
417,369,dumbbell over bench wrist curl,587,dumbbell over bench wrist curl,lower arms,forearms,dumbbell,free_weight,dumbbell,False,Intermediate,"Arms,Upper,Full Body",Other,False,Upper Body,Mixed,Limbs,3,10,12,5,2,biceps,brachialis,,,,
418,385,dumbbell reverse wrist curl,616,dumbbell reverse wrist curl,lower arms,forearms,dumbbell,free_weight,dumbbell,False,Intermediate,"Arms,Upper,Full Body",Other,False,Upper Body,Mixed,Limbs,3,10,12,6,2,biceps,brachialis,,,,
419,399,dumbbell seated one arm rotate,641,dumbbell seated one arm rotate,lower arms,forearms,dumbbell,free_weight,dumbbell,False,Intermediate,"Arms,Upper,Full Body",Other,False,Upper Body,Mixed,Limbs,3,10,12,5,2,shoulders,biceps,,,,
420,401,dumbbell seated palms up wrist curl,645,dumbbell seated palms up wrist curl,lower arms,forearms,dumbbell,free_weight,dumbbell,False,Intermediate,"Arms,Upper,Full Body",Other,False,Upper Body,Mixed,Limbs,3,10,12,5,2,biceps,shoulders,,,,
421,455,finger curls,753,finger curls,lower arms,forearms,barbell,free_weight,barbell,False,Intermediate,"Arms,Upper,Full Body",Other,False,Upper Body,Mixed,Limbs,3,10,12,5,2,wrist flexors,grip muscles,,,,
422,518,kettlebell alternating hang clean,822,kettlebell alternating hang clean,lower arms,forearms,kettlebell,free_weight,kettlebell,False,Intermediate,"Arms,Upper,Full Body",Other,True,Upper Body,Mixed,Limbs,3,10,12,7,3,shoulders,traps,core,,,
423,2288,lever gripper hands,892,lever gripper hands,lower arms,forearms,leverage machine,machine,leverage machine,True,Intermediate,"Arms,Upper,Full Body",Other,False,Upper Body,Mixed,Limbs,3,10,12,5,2,biceps,triceps,,,,
424,1421,modified push up to lower arms,962,modified push up to lower arms,lower arms,forearms,body weight,bodyweight,body weight,False,Intermediate,"Arms,Upper,Full Body",Other,True,Upper Body,Mixed,Limbs,3,10,12,5,3,triceps,chest,shoulders,,,
425,721,side wrist pull stretch,1074,side wrist pull stretch,lower arms,forearms,body weight,bodyweight,body weight,False,Intermediate,"Arms,Upper,Full Body",Other,False,Upper Body,Mixed,Limbs,3,10,12,5,2,wrists,hands,,,,
426,1426,smith seated wrist curl,1134,smith seated wrist curl,lower arms,forearms,smith machine,machine,smith machine,True,Intermediate,"Arms,Upper,Full Body",Other,False,Upper Body,Mixed,Limbs,3,10,12,6,2,biceps,brachialis,,,,
427,771,smith standing back wrist curl,1140,smith standing back wrist curl,lower arms,forearms,smith machine,machine,smith machine,True,Intermediate,"Arms,Upper,Full Body",Other,False,Upper Body,Mixed,Limbs,3,10,12,6,2,biceps,triceps,,,,
428,854,weighted standing hand squeeze,1232,weighted standing hand squeeze,lower arms,forearms,weighted,other,weighted,False,Intermediate,"Arms,Upper,Full Body",Other,False,Upper Body,Mixed,Limbs,3,10,12,5,2,biceps,triceps,,,,
429,1428,wrist circles,1247,wrist circles,lower arms,forearms,body weight,bodyweight,body weight,False,Intermediate,"Arms,Upper,Full Body",Other,False,Upper Body,Mixed,Limbs,3,10,12,4,2,hands,wrists,,,,
430,859,wrist rollerer,1248,wrist rollerer,lower arms,forearms,weighted,other,weighted,False,Intermediate,"Arms,Upper,Full Body",Other,False,Upper Body,Mixed,Limbs,3,10,12,6,2,biceps,triceps,,,,
431,1368,ankle circles,6,ankle circles,lower legs,calves,body weight,bodyweight,body weight,False,Intermediate,"Legs,Lower,Full Body",Calves,False,Lower Body,Posterior,Limbs,4,15,20,4,1,ankle stabilizers,,,,,
432,1708,assisted lying calves stretch,16,assisted lying calves stretch,lower legs,calves,assisted,assisted,assisted,False,Intermediate,"Legs,Lower,Full Body",Calves,False,Lower Body,Posterior,Limbs,4,15,20,5,1,hamstrings,,,,,
433,999,band single leg calf raise,77,band single leg calf raise,lower legs,calves,band,bands,band,False,Intermediate,"Legs,Lower,Full Body",Calves,False,Lower Body,Posterior,Limbs,4,15,20,5,2,ankles,feet,,,,
434,1000,band single leg reverse calf raise,78,band single leg reverse calf raise,lower legs,calves,band,bands,band,False,Intermediate,"Legs,Lower,Full Body",Calves,False,Lower Body,Posterior,Limbs,4,15,20,5,2,hamstrings,glutes,,,,
435,1369,band two legs calf raise - (band under both legs) v. 2,90,band two legs calf raise -,lower legs,calves,band,bands,band,False,Intermediate,"Legs,Lower,Full Body",Calves,False,Lower Body,Posterior,Limbs,4,15,20,5,2,ankles,feet,,,,
436,1370,barbell floor calf raise,115,barbell floor calf raise,lower legs,calves,barbell,free_weight,barbell,False,Intermediate,"Legs,Lower,Full Body",Calves,False,Lower Body,Posterior,Limbs,4,15,20,6,1,hamstrings,,,,,
437,88,barbell seated calf raise,182,barbell seated calf raise,lower legs,calves,barbell,free_weight,barbell,False,Intermediate,"Legs,Lower,Full Body",Calves,False,Lower Body,Posterior,Limbs,4,15,20,6,2,hamstrings,quadriceps,,,,
438,1372,barbell standing calf raise,203,barbell standing calf raise,lower legs,calves,barbell,free_weight,barbell,False,Intermediate,"Legs,Lower,Full Body",Calves,False,Lower Body,Posterior,Limbs,4,15,20,4,2,hamstrings,glutes,,,,
439,108,barbell standing leg calf raise,208,barbell standing leg calf raise,lower legs,calves,barbell,free_weight,barbell,False,Intermediate,"Legs,Lower,Full Body",Calves,False,Lower Body,Posterior,Limbs,4,15,20,4,2,hamstrings,glutes,,,,
440,111,barbell standing rocking leg calf raise,211,barbell standing rocking leg calf raise,lower legs,calves,barbell,free_weight,barbell,False,Intermediate,"Legs,Lower,Full Body",Calves,False,Lower Body,Posterior,Limbs,4,15,20,4,2,hamstrings,quadriceps,,,,
441,1373,bodyweight standing calf raise,246,bodyweight standing calf raise,lower legs,calves,body weight,bodyweight,body weight,False,Intermediate,"Legs,Lower,Full Body",Calves,False,Lower Body,Posterior,Limbs,4,15,20,5,2,ankles,feet,,,,
442,1374,box jump down with one leg stabilization,252,box jump down with one leg stabilization,lower legs,calves,body weight,bodyweight,body weight,False,Intermediate,"Legs,Lower,Full Body",Calves,False,Lower Body,Posterior,Limbs,4,15,20,6,3,quadriceps,hamstrings,glutes,,,
443,1375,cable standing calf raise,371,cable standing calf raise,lower legs,calves,cable,cable,cable,True,Intermediate,"Legs,Lower,Full Body",Calves,False,Lower Body,Posterior,Limbs,4,15,20,5,2,hamstrings,glutes,,,,
444,1376,cable standing one leg calf raise,379,cable standing one leg calf raise,lower legs,calves,cable,cable,cable,True,Intermediate,"Legs,Lower,Full Body",Calves,False,Lower Body,Posterior,Limbs,4,15,20,6,2,ankles,feet,,,,
445,1407,calf push stretch with hands against wall,403,calf push stretch with hands against wall,lower legs,calves,body weight,bodyweight,body weight,False,Intermediate,"Legs,Lower,Full Body",Calves,False,Lower Body,Posterior,Limbs,4,15,20,6,1,hamstrings,,,,,
446,1377,calf stretch with hands against wall,404,calf stretch with hands against wall,lower legs,calves,body weight,bodyweight,body weight,False,Intermediate,"Legs,Lower,Full Body",Calves,False,Lower Body,Posterior,Limbs,4,15,20,6,1,hamstrings,,,,,
447,1378,calf stretch with rope,405,calf stretch with rope,lower legs,calves,rope,other,rope,False,Intermediate,"Legs,Lower,Full Body",Calves,False,Lower Body,Posterior,Limbs,4,15,20,6,1,hamstrings,,,,,
448,257,circles knee stretch,416,circles knee stretch,lower legs,calves,body weight,bodyweight,body weight,False,Intermediate,"Legs,Lower,Full Body",Calves,False,Lower Body,Posterior,Limbs,4,15,20,4,2,hamstrings,quadriceps,,,,
449,284,donkey calf raise,435,donkey calf raise,lower legs,calves,body weight,bodyweight,body weight,False,Intermediate,"Legs,Lower,Full Body",Calves,False,Lower Body,Posterior,Limbs,4,15,20,5,2,hamstrings,glutes,,,,
450,1379,dumbbell seated calf raise,631,dumbbell seated calf raise,lower legs,calves,dumbbell,free_weight,dumbbell,False,Intermediate,"Legs,Lower,Full Body",Calves,False,Lower Body,Posterior,Limbs,4,15,20,6,1,hamstrings,,,,,
451,400,dumbbell seated one leg calf raise,642,dumbbell seated one leg calf raise,lower legs,calves,dumbbell,free_weight,dumbbell,False,Intermediate,"Legs,Lower,Full Body",Calves,False,Lower Body,Posterior,Limbs,4,15,20,6,2,hamstrings,glutes,,,,
452,1380,dumbbell seated one leg calf raise - hammer grip,643,dumbbell seated one leg calf raise - hammer grip,lower legs,calves,dumbbell,free_weight,dumbbell,False,Intermediate,"Legs,Lower,Full Body",Calves,False,Lower Body,Posterior,Limbs,4,15,20,6,2,hamstrings,glutes,,,,
453,1381,dumbbell seated one leg calf raise - palm up,644,dumbbell seated one leg calf raise - palm up,lower legs,calves,dumbbell,free_weight,dumbbell,False,Intermediate,"Legs,Lower,Full Body",Calves,False,Lower Body,Posterior,Limbs,4,15,20,6,2,hamstrings,glutes,,,,
454,409,dumbbell single leg calf raise,656,dumbbell single leg calf raise,lower legs,calves,dumbbell,free_weight,dumbbell,False,Intermediate,"Legs,Lower,Full Body",Calves,False,Lower Body,Posterior,Limbs,4,15,20,5,1,ankles,,,,,
455,417,dumbbell standing calf raise,670,dumbbell standing calf raise,lower legs,calves,dumbbell,free_weight,dumbbell,False,Intermediate,"Legs,Lower,Full Body",Calves,False,Lower Body,Posterior,Limbs,4,15,20,4,1,ankles,,,,,
456,1382,exercise ball on the wall calf raise,722,exercise ball on the wall calf raise,lower legs,calves,dumbbell,free_weight,dumbbell,False,Intermediate,"Legs,Lower,Full Body",Calves,False,Lower Body,Posterior,Limbs,4,15,20,6,2,hamstrings,quadriceps,,,,
457,3241,exercise ball on the wall calf raise (tennis ball between ankles),722,exercise ball on the wall calf raise,lower legs,calves,dumbbell,free_weight,dumbbell,False,Intermediate,"Legs,Lower,Full Body",Calves,False,Lower Body,Posterior,Limbs,4,15,20,7,2,hamstrings,quadriceps,,,,
458,3240,exercise ball on the wall calf raise (tennis ball between knees),722,exercise ball on the wall calf raise,lower legs,calves,dumbbell,free_weight,dumbbell,False,Intermediate,"Legs,Lower,Full Body",Calves,False,Lower Body,Posterior,Limbs,4,15,20,7,2,quadriceps,hamstrings,,,,
459,1383,hack calf raise,775,hack calf raise,lower legs,calves,sled machine,machine,sled machine,True,Intermediate,"Legs,Lower,Full Body",Calves,False,Lower Body,Posterior,Limbs,4,15,20,6,2,hamstrings,glutes,,,,
460,1384,hack one leg calf raise,776,hack one leg calf raise,lower legs,calves,sled machine,machine,sled machine,True,Intermediate,"Legs,Lower,Full Body",Calves,False,Lower Body,Posterior,Limbs,4,15,20,7,2,hamstrings,glutes,,,,
461,2289,lever calf press,885,lever calf press,lower legs,calves,leverage machine,machine,leverage machine,True,Intermediate,"Legs,Lower,Full Body",Calves,False,Lower Body,Posterior,Limbs,4,15,20,7,1,hamstrings,,,,,
462,1253,lever donkey calf raise,889,lever donkey calf raise,lower legs,calves,leverage machine,machine,leverage machine,True,Intermediate,"Legs,Lower,Full Body",Calves,False,Lower Body,Posterior,Limbs,4,15,20,6,2,hamstrings,glutes,,,,
463,2315,lever rotary calf,918,lever rotary calf,lower legs,calves,leverage machine,machine,leverage machine,True,Intermediate,"Legs,Lower,Full Body",Calves,False,Lower Body,Posterior,Limbs,4,15,20,6,2,soleus,ankle stabilizers,,,,
464,2335,lever seated calf press,919,lever seated calf press,lower legs,calves,leverage machine,machine,leverage machine,True,Intermediate,"Legs,Lower,Full Body",Calves,False,Lower Body,Posterior,Limbs,4,15,20,6,2,soleus,hamstrings,,,,
465,594,lever seated calf raise,920,lever seated calf raise,lower legs,calves,leverage machine,machine,leverage machine,True,Intermediate,"Legs,Lower,Full Body",Calves,False,Lower Body,Posterior,Limbs,4,15,20,6,2,soleus,ankle stabilizers,,,,
466,1385,lever seated squat calf raise on leg press machine,931,lever seated squat calf raise on leg press machine,lower legs,calves,leverage machine,machine,leverage machine,True,Intermediate,"Legs,Lower,Full Body",Calves,False,Lower Body,Posterior,Limbs,4,15,20,7,3,quadriceps,hamstrings,glutes,,,
467,605,lever standing calf raise,934,lever standing calf raise,lower legs,calves,leverage machine,machine,leverage machine,True,Intermediate,"Legs,Lower,Full Body",Calves,False,Lower Body,Posterior,Limbs,4,15,20,5,2,soleus,ankle stabilizers,,,,
468,1386,one leg donkey calf raise,979,one leg donkey calf raise,lower legs,calves,body weight,bodyweight,body weight,False,Intermediate,"Legs,Lower,Full Body",Calves,False,Lower Body,Posterior,Limbs,4,15,20,6,2,hamstrings,glutes,,,,
469,1387,one leg floor calf raise,980,one leg floor calf raise,lower legs,calves,body weight,bodyweight,body weight,False,Intermediate,"Legs,Lower,Full Body",Calves,False,Lower Body,Posterior,Limbs,4,15,20,5,2,ankles,feet,,,,
470,1388,peroneals stretch,987,peroneals stretch,lower legs,calves,rope,other,rope,False,Intermediate,"Legs,Lower,Full Body",Calves,False,Lower Body,Posterior,Limbs,4,15,20,6,2,ankles,feet,,,,
471,1389,posterior tibialis stretch,991,posterior tibialis stretch,lower legs,calves,rope,other,rope,False,Intermediate,"Legs,Lower,Full Body",Calves,False,Lower Body,Posterior,Limbs,4,15,20,6,2,hamstrings,quadriceps,,,,
472,1390,seated calf stretch (male),1052,seated calf stretch,lower legs,calves,body weight,bodyweight,body weight,False,Intermediate,"Legs,Lower,Full Body",Calves,False,Lower Body,Posterior,Limbs,4,15,20,5,1,hamstrings,,,,,
473,727,single leg calf raise (on a dumbbell),1079,single leg calf raise,lower legs,calves,dumbbell,free_weight,dumbbell,False,Intermediate,"Legs,Lower,Full Body",Calves,False,Lower Body,Posterior,Limbs,4,15,20,5,2,ankles,feet,,,,
474,738,sled 45в° calf press,1090,sled 45в° calf press,lower legs,calves,sled machine,machine,sled machine,True,Intermediate,"Legs,Lower,Full Body",Calves,False,Lower Body,Posterior,Limbs,4,15,20,5,1,hamstrings,,,,,
475,1391,sled calf press on leg press,1094,sled calf press on leg press,lower legs,calves,sled machine,machine,sled machine,True,Intermediate,"Legs,Lower,Full Body",Calves,False,Lower Body,Posterior,Limbs,4,15,20,5,2,hamstrings,quadriceps,,,,
476,742,sled forward angled calf raise,1096,sled forward angled calf raise,lower legs,calves,sled machine,machine,sled machine,True,Intermediate,"Legs,Lower,Full Body",Calves,False,Lower Body,Posterior,Limbs,4,15,20,5,2,hamstrings,glutes,,,,
477,2334,sled lying calf press,1098,sled lying calf press,lower legs,calves,sled machine,machine,sled machine,True,Intermediate,"Legs,Lower,Full Body",Calves,False,Lower Body,Posterior,Limbs,4,15,20,7,2,hamstrings,glutes,,,,
478,1392,sled one leg calf press on leg press,1100,sled one leg calf press on leg press,lower legs,calves,sled machine,machine,sled machine,True,Intermediate,"Legs,Lower,Full Body",Calves,False,Lower Body,Posterior,Limbs,4,15,20,6,2,hamstrings,glutes,,,,
479,1393,smith one leg floor calf raise,1127,smith one leg floor calf raise,lower legs,calves,smith machine,machine,smith machine,True,Intermediate,"Legs,Lower,Full Body",Calves,False,Lower Body,Posterior,Limbs,4,15,20,7,2,hamstrings,glutes,,,,
480,763,smith reverse calf raises,1129,smith reverse calf raises,lower legs,calves,smith machine,machine,smith machine,True,Intermediate,"Legs,Lower,Full Body",Calves,False,Lower Body,Posterior,Limbs,4,15,20,7,1,hamstrings,,,,,
481,1395,smith seated one leg calf raise,1132,smith seated one leg calf raise,lower legs,calves,smith machine,machine,smith machine,True,Intermediate,"Legs,Lower,Full Body",Calves,False,Lower Body,Posterior,Limbs,4,15,20,5,1,hamstrings,,,,,
482,773,smith standing leg calf raise,1142,smith standing leg calf raise,lower legs,calves,smith machine,machine,smith machine,True,Intermediate,"Legs,Lower,Full Body",Calves,False,Lower Body,Posterior,Limbs,4,15,20,6,2,hamstrings,glutes,,,,
483,1396,smith toe raise,1145,smith toe raise,lower legs,calves,smith machine,machine,smith machine,True,Intermediate,"Legs,Lower,Full Body",Calves,False,Lower Body,Posterior,Limbs,4,15,20,8,2,ankles,shins,,,,
484,1490,standing calf raise (on a staircase),1164,standing calf raise,lower legs,calves,body weight,bodyweight,body weight,False,Intermediate,"Legs,Lower,Full Body",Calves,False,Lower Body,Posterior,Limbs,4,15,20,5,2,ankles,feet,,,,
485,1397,standing calves,1165,standing calves,lower legs,calves,body weight,bodyweight,body weight,False,Intermediate,"Legs,Lower,Full Body",Calves,False,Lower Body,Posterior,Limbs,4,15,20,4,2,hamstrings,glutes,,,,
486,1398,standing calves calf stretch,1166,standing calves calf stretch,lower legs,calves,body weight,bodyweight,body weight,False,Intermediate,"Legs,Lower,Full Body",Calves,False,Lower Body,Posterior,Limbs,4,15,20,7,2,hamstrings,glutes,,,,
487,833,weighted donkey calf raise,1212,weighted donkey calf raise,lower legs,calves,weighted,other,weighted,False,Intermediate,"Legs,Lower,Full Body",Calves,False,Lower Body,Posterior,Limbs,4,15,20,5,2,hamstrings,glutes,,,,
488,1403,neck side stretch,968,neck side stretch,neck,levator scapulae,body weight,bodyweight,body weight,False,Intermediate,Full Body,Other,False,Full Body,Mixed,Mixed,3,10,12,5,2,trapezius,sternocleidomastoid,,,,
489,716,side push neck stretch,1072,side push neck stretch,neck,levator scapulae,body weight,bodyweight,body weight,False,Intermediate,Full Body,Other,False,Full Body,Mixed,Mixed,3,10,12,6,2,trapezius,sternocleidomastoid,,,,
490,977,band front lateral raise,54,band front lateral raise,shoulders,delts,band,bands,band,False,Intermediate,"Push,Shoulders,Upper,Full Body",Vertical Push,True,Upper Body,Anterior,Limbs,3,8,12,4,2,traps,upper back,,,,
491,978,band front raise,55,band front raise,shoulders,delts,band,bands,band,False,Intermediate,"Push,Shoulders,Upper,Full Body",Vertical Push,True,Upper Body,Anterior,Limbs,3,8,12,4,2,triceps,upper back,,,,
492,993,band reverse fly,70,band reverse fly,shoulders,delts,band,bands,band,False,Intermediate,"Push,Shoulders,Upper,Full Body",Vertical Push,True,Upper Body,Anterior,Limbs,3,8,12,6,2,upper back,trapezius,,,,
493,997,band shoulder press,74,band shoulder press,shoulders,delts,band,bands,band,False,Intermediate,"Push,Shoulders,Upper,Full Body",Vertical Push,True,Upper Body,Anterior,Limbs,3,8,12,5,2,triceps,upper back,,,,
494,1022,band standing rear delt row,83,band standing rear delt row,shoulders,delts,band,bands,band,False,Intermediate,"Push,Shoulders,Upper,Full Body",Vertical Push,True,Upper Body,Anterior,Limbs,3,8,12,6,3,trapezius,rhomboids,biceps,,,
495,1012,band twisting overhead press,89,band twisting overhead press,shoulders,delts,band,bands,band,False,Intermediate,"Push,Shoulders,Upper,Full Body",Vertical Push,True,Upper Body,Anterior,Limbs,3,8,12,7,2,triceps,upper back,,,,
496,1017,band y-raise,95,band y-raise,shoulders,delts,band,bands,band,False,Intermediate,"Push,Shoulders,Upper,Full Body",Vertical Push,True,Upper Body,Anterior,Limbs,3,8,12,5,2,traps,rhomboids,,,,
497,41,barbell front raise,117,barbell front raise,shoulders,delts,barbell,free_weight,barbell,False,Intermediate,"Push,Shoulders,Upper,Full Body",Vertical Push,True,Upper Body,Anterior,Limbs,3,8,12,4,2,biceps,triceps,,,,
498,67,barbell one arm snatch,151,barbell one arm snatch,shoulders,delts,barbell,free_weight,barbell,False,Intermediate,"Push,Shoulders,Upper,Full Body",Vertical Push,True,Upper Body,Anterior,Limbs,3,8,12,8,3,traps,forearms,core,,,
499,75,barbell rear delt raise,164,barbell rear delt raise,shoulders,delts,barbell,free_weight,barbell,False,Intermediate,"Push,Shoulders,Upper,Full Body",Vertical Push,True,Upper Body,Anterior,Limbs,3,8,12,5,2,traps,rhomboids,,,,
500,76,barbell rear delt row,165,barbell rear delt row,shoulders,delts,barbell,free_weight,barbell,False,Intermediate,"Push,Shoulders,Upper,Full Body",Vertical Push,True,Upper Body,Anterior,Limbs,3,8,12,6,3,trapezius,rhomboids,biceps,,,
501,86,barbell seated behind head military press,180,barbell seated behind head military press,shoulders,delts,barbell,free_weight,barbell,False,Intermediate,"Push,Shoulders,Upper,Full Body",Vertical Push,True,Upper Body,Anterior,Limbs,3,8,12,6,2,triceps,upper back,,,,
502,87,barbell seated bradford rocky press,181,barbell seated bradford rocky press,shoulders,delts,barbell,free_weight,barbell,False,Intermediate,"Push,Shoulders,Upper,Full Body",Vertical Push,True,Upper Body,Anterior,Limbs,3,8,12,5,2,triceps,upper back,,,,
503,91,barbell seated overhead press,186,barbell seated overhead press,shoulders,delts,barbell,free_weight,barbell,False,Intermediate,"Push,Shoulders,Upper,Full Body",Vertical Push,True,Upper Body,Anterior,Limbs,3,8,12,6,2,triceps,upper back,,,,
504,100,barbell skier,195,barbell skier,shoulders,delts,barbell,free_weight,barbell,False,Intermediate,"Push,Shoulders,Upper,Full Body",Vertical Push,True,Upper Body,Anterior,Limbs,3,8,12,5,2,triceps,core,,,,
505,105,barbell standing bradford press,202,barbell standing bradford press,shoulders,delts,barbell,free_weight,barbell,False,Intermediate,"Push,Shoulders,Upper,Full Body",Vertical Push,True,Upper Body,Anterior,Limbs,3,8,12,4,2,triceps,upper back,,,,
506,1456,barbell standing close grip military press,205,barbell standing close grip military press,shoulders,delts,barbell,free_weight,barbell,False,Intermediate,"Push,Shoulders,Upper,Full Body",Vertical Push,True,Upper Body,Anterior,Limbs,3,8,12,5,2,triceps,upper back,,,,
507,107,barbell standing front raise over head,207,barbell standing front raise over head,shoulders,delts,barbell,free_weight,barbell,False,Intermediate,"Push,Shoulders,Upper,Full Body",Vertical Push,True,Upper Body,Anterior,Limbs,3,8,12,6,2,triceps,upper back,,,,
508,1457,barbell standing wide military press,214,barbell standing wide military press,shoulders,delts,barbell,free_weight,barbell,False,Intermediate,"Push,Shoulders,Upper,Full Body",Vertical Push,True,Upper Body,Anterior,Limbs,3,8,12,4,2,triceps,upper back,,,,
509,3305,barbell thruster,220,barbell thruster,shoulders,delts,barbell,free_weight,barbell,False,Intermediate,"Push,Shoulders,Upper,Full Body",Vertical Push,True,Upper Body,Anterior,Limbs,3,8,12,5,4,quadriceps,glutes,hamstrings,core,,
510,120,barbell upright row,221,barbell upright row,shoulders,delts,barbell,free_weight,barbell,False,Intermediate,"Push,Shoulders,Upper,Full Body",Vertical Push,True,Upper Body,Anterior,Limbs,3,8,12,5,2,traps,biceps,,,,
511,119,barbell upright row v. 2,221,barbell upright row,shoulders,delts,barbell,free_weight,barbell,False,Intermediate,"Push,Shoulders,Upper,Full Body",Vertical Push,True,Upper Body,Anterior,Limbs,3,8,12,5,2,traps,biceps,,,,
512,121,barbell upright row v. 3,221,barbell upright row,shoulders,delts,barbell,free_weight,barbell,False,Intermediate,"Push,Shoulders,Upper,Full Body",Vertical Push,True,Upper Body,Anterior,Limbs,3,8,12,5,2,traps,biceps,,,,
513,123,barbell wide-grip upright row,225,barbell wide-grip upright row,shoulders,delts,barbell,free_weight,barbell,False,Intermediate,"Push,Shoulders,Upper,Full Body",Vertical Push,True,Upper Body,Anterior,Limbs,3,8,12,5,2,traps,biceps,,,,
514,128,battling ropes,229,battling ropes,shoulders,delts,rope,other,rope,False,Intermediate,"Push,Shoulders,Upper,Full Body",Vertical Push,True,Upper Body,Anterior,Limbs,3,8,12,5,2,forearms,core,,,,
515,148,cable alternate shoulder press,257,cable alternate shoulder press,shoulders,delts,cable,cable,cable,True,Intermediate,"Push,Shoulders,Upper,Full Body",Vertical Push,True,Upper Body,Anterior,Limbs,3,8,12,7,2,triceps,upper back,,,,
516,154,cable cross-over revers fly,266,cable cross-over revers fly,shoulders,delts,cable,cable,cable,True,Intermediate,"Push,Shoulders,Upper,Full Body",Vertical Push,True,Upper Body,Anterior,Limbs,3,8,12,6,2,rhomboids,trapezius,,,,
517,161,cable forward raise,276,cable forward raise,shoulders,delts,cable,cable,cable,True,Intermediate,"Push,Shoulders,Upper,Full Body",Vertical Push,True,Upper Body,Anterior,Limbs,3,8,12,5,2,triceps,forearms,,,,
518,162,cable front raise,277,cable front raise,shoulders,delts,cable,cable,cable,True,Intermediate,"Push,Shoulders,Upper,Full Body",Vertical Push,True,Upper Body,Anterior,Limbs,3,8,12,6,2,triceps,forearms,,,,
519,164,cable front shoulder raise,278,cable front shoulder raise,shoulders,delts,cable,cable,cable,True,Intermediate,"Push,Shoulders,Upper,Full Body",Vertical Push,True,Upper Body,Anterior,Limbs,3,8,12,6,2,trapezius,biceps,,,,
520,3697,cable kneeling rear delt row (with rope) (male),291,cable kneeling rear delt row,shoulders,delts,cable,cable,cable,True,Intermediate,"Push,Shoulders,Upper,Full Body",Vertical Push,True,Upper Body,Anterior,Limbs,3,8,12,6,3,trapezius,rhomboids,biceps,,,
521,178,cable lateral raise,296,cable lateral raise,shoulders,delts,cable,cable,cable,True,Intermediate,"Push,Shoulders,Upper,Full Body",Vertical Push,True,Upper Body,Anterior,Limbs,3,8,12,5,2,traps,triceps,,,,
522,192,cable one arm lateral raise,313,cable one arm lateral raise,shoulders,delts,cable,cable,cable,True,Intermediate,"Push,Shoulders,Upper,Full Body",Vertical Push,True,Upper Body,Anterior,Limbs,3,8,12,5,2,traps,triceps,,,,
523,202,cable rear delt row (stirrups),330,cable rear delt row,shoulders,delts,cable,cable,cable,True,Intermediate,"Push,Shoulders,Upper,Full Body",Vertical Push,True,Upper Body,Anterior,Limbs,3,8,12,7,3,trapezius,rhomboids,biceps,,,
524,203,cable rear delt row (with rope),330,cable rear delt row,shoulders,delts,cable,cable,cable,True,Intermediate,"Push,Shoulders,Upper,Full Body",Vertical Push,True,Upper Body,Anterior,Limbs,3,8,12,7,3,trapezius,rhomboids,biceps,,,
525,215,cable seated rear lateral raise,358,cable seated rear lateral raise,shoulders,delts,cable,cable,cable,True,Intermediate,"Push,Shoulders,Upper,Full Body",Vertical Push,True,Upper Body,Anterior,Limbs,3,8,12,5,2,traps,rhomboids,,,,
526,216,cable seated shoulder internal rotation,360,cable seated shoulder internal rotation,shoulders,delts,cable,cable,cable,True,Intermediate,"Push,Shoulders,Upper,Full Body",Vertical Push,True,Upper Body,Anterior,Limbs,3,8,12,6,2,rotator cuff,triceps,,,,
527,219,cable shoulder press,363,cable shoulder press,shoulders,delts,cable,cable,cable,True,Intermediate,"Push,Shoulders,Upper,Full Body",Vertical Push,True,Upper Body,Anterior,Limbs,3,8,12,6,2,triceps,upper back,,,,
528,225,cable standing cross-over high reverse fly,372,cable standing cross-over high reverse fly,shoulders,delts,cable,cable,cable,True,Intermediate,"Push,Shoulders,Upper,Full Body",Vertical Push,True,Upper Body,Anterior,Limbs,3,8,12,7,3,trapezius,rhomboids,rear deltoids,,,
529,233,cable standing rear delt row (with rope),381,cable standing rear delt row,shoulders,delts,cable,cable,cable,True,Intermediate,"Push,Shoulders,Upper,Full Body",Vertical Push,True,Upper Body,Anterior,Limbs,3,8,12,6,3,trapezius,rhomboids,biceps,,,
530,235,cable standing shoulder external rotation,384,cable standing shoulder external rotation,shoulders,delts,cable,cable,cable,True,Intermediate,"Push,Shoulders,Upper,Full Body",Vertical Push,True,Upper Body,Anterior,Limbs,3,8,12,6,2,rotator cuff,trapezius,,,,
531,240,cable supine reverse fly,389,cable supine reverse fly,shoulders,delts,cable,cable,cable,True,Intermediate,"Push,Shoulders,Upper,Full Body",Vertical Push,True,Upper Body,Anterior,Limbs,3,8,12,5,2,trapezius,rhomboids,,,,
532,246,cable upright row,400,cable upright row,shoulders,delts,cable,cable,cable,True,Intermediate,"Push,Shoulders,Upper,Full Body",Vertical Push,True,Upper Body,Anterior,Limbs,3,8,12,6,2,traps,biceps,,,,
533,286,dumbbell alternate side press,441,dumbbell alternate side press,shoulders,delts,dumbbell,free_weight,dumbbell,False,Intermediate,"Push,Shoulders,Upper,Full Body",Vertical Push,True,Upper Body,Anterior,Limbs,3,8,12,4,2,triceps,core,,,,
534,2137,dumbbell arnold press,444,dumbbell arnold press,shoulders,delts,dumbbell,free_weight,dumbbell,False,Intermediate,"Push,Shoulders,Upper,Full Body",Vertical Push,True,Upper Body,Anterior,Limbs,3,8,12,5,2,triceps,upper chest,,,,
535,287,dumbbell arnold press v. 2,444,dumbbell arnold press,shoulders,delts,dumbbell,free_weight,dumbbell,False,Intermediate,"Push,Shoulders,Upper,Full Body",Vertical Push,True,Upper Body,Anterior,Limbs,3,8,12,5,2,triceps,upper chest,,,,
536,290,dumbbell bench seated press,447,dumbbell bench seated press,shoulders,delts,dumbbell,free_weight,dumbbell,False,Intermediate,"Push,Shoulders,Upper,Full Body",Vertical Push,True,Upper Body,Anterior,Limbs,3,8,12,5,2,triceps,chest,,,,
537,299,dumbbell cuban press,464,dumbbell cuban press,shoulders,delts,dumbbell,free_weight,dumbbell,False,Intermediate,"Push,Shoulders,Upper,Full Body",Vertical Push,True,Upper Body,Anterior,Limbs,3,8,12,5,2,triceps,upper back,,,,
538,2136,dumbbell cuban press v. 2,464,dumbbell cuban press,shoulders,delts,dumbbell,free_weight,dumbbell,False,Intermediate,"Push,Shoulders,Upper,Full Body",Vertical Push,True,Upper Body,Anterior,Limbs,3,8,12,5,2,triceps,upper back,,,,
539,310,dumbbell front raise,478,dumbbell front raise,shoulders,delts,dumbbell,free_weight,dumbbell,False,Intermediate,"Push,Shoulders,Upper,Full Body",Vertical Push,True,Upper Body,Anterior,Limbs,3,8,12,4,2,biceps,trapezius,,,,
540,309,dumbbell front raise v. 2,478,dumbbell front raise,shoulders,delts,dumbbell,free_weight,dumbbell,False,Intermediate,"Push,Shoulders,Upper,Full Body",Vertical Push,True,Upper Body,Anterior,Limbs,3,8,12,5,2,trapezius,biceps,,,,
541,311,dumbbell full can lateral raise,479,dumbbell full can lateral raise,shoulders,delts,dumbbell,free_weight,dumbbell,False,Intermediate,"Push,Shoulders,Upper,Full Body",Vertical Push,True,Upper Body,Anterior,Limbs,3,8,12,5,2,traps,rotator cuff,,,,
542,323,dumbbell incline one arm lateral raise,500,dumbbell incline one arm lateral raise,shoulders,delts,dumbbell,free_weight,dumbbell,False,Intermediate,"Push,Shoulders,Upper,Full Body",Vertical Push,True,Upper Body,Anterior,Limbs,3,8,12,6,2,trapezius,triceps,,,,
543,325,dumbbell incline raise,505,dumbbell incline raise,shoulders,delts,dumbbell,free_weight,dumbbell,False,Intermediate,"Push,Shoulders,Upper,Full Body",Vertical Push,True,Upper Body,Anterior,Limbs,3,8,12,5,2,trapezius,triceps,,,,
544,326,dumbbell incline rear lateral raise,506,dumbbell incline rear lateral raise,shoulders,delts,dumbbell,free_weight,dumbbell,False,Intermediate,"Push,Shoulders,Upper,Full Body",Vertical Push,True,Upper Body,Anterior,Limbs,3,8,12,6,2,traps,rhomboids,,,,
545,3542,dumbbell incline t-raise,510,dumbbell incline t-raise,shoulders,delts,dumbbell,free_weight,dumbbell,False,Intermediate,"Push,Shoulders,Upper,Full Body",Vertical Push,True,Upper Body,Anterior,Limbs,3,8,12,5,2,traps,rhomboids,,,,
546,332,dumbbell iron cross,515,dumbbell iron cross,shoulders,delts,dumbbell,free_weight,dumbbell,False,Intermediate,"Push,Shoulders,Upper,Full Body",Vertical Push,True,Upper Body,Anterior,Limbs,3,8,12,4,2,triceps,chest,,,,
547,334,dumbbell lateral raise,519,dumbbell lateral raise,shoulders,delts,dumbbell,free_weight,dumbbell,False,Intermediate,"Push,Shoulders,Upper,Full Body",Vertical Push,True,Upper Body,Anterior,Limbs,3,8,12,5,1,traps,,,,,
548,335,dumbbell lateral to front raise,520,dumbbell lateral to front raise,shoulders,delts,dumbbell,free_weight,dumbbell,False,Intermediate,"Push,Shoulders,Upper,Full Body",Vertical Push,True,Upper Body,Anterior,Limbs,3,8,12,7,2,trapezius,biceps,,,,
549,863,dumbbell lying external shoulder rotation,526,dumbbell lying external shoulder rotation,shoulders,delts,dumbbell,free_weight,dumbbell,False,Intermediate,"Push,Shoulders,Upper,Full Body",Vertical Push,True,Upper Body,Anterior,Limbs,3,8,12,5,2,rotator cuff,triceps,,,,
550,2470,dumbbell lying on floor rear delt raise,529,dumbbell lying on floor rear delt raise,shoulders,delts,dumbbell,free_weight,dumbbell,False,Intermediate,"Push,Shoulders,Upper,Full Body",Vertical Push,True,Upper Body,Anterior,Limbs,3,8,12,5,2,trapezius,rhomboids,,,,
551,341,dumbbell lying one arm deltoid rear,530,dumbbell lying one arm deltoid rear,shoulders,delts,dumbbell,free_weight,dumbbell,False,Intermediate,"Push,Shoulders,Upper,Full Body",Vertical Push,True,Upper Body,Anterior,Limbs,3,8,12,5,2,trapezius,rhomboids,,,,
552,345,dumbbell lying one arm rear lateral raise,533,dumbbell lying one arm rear lateral raise,shoulders,delts,dumbbell,free_weight,dumbbell,False,Intermediate,"Push,Shoulders,Upper,Full Body",Vertical Push,True,Upper Body,Anterior,Limbs,3,8,12,4,2,traps,rhomboids,,,,
553,348,dumbbell lying rear lateral raise,539,dumbbell lying rear lateral raise,shoulders,delts,dumbbell,free_weight,dumbbell,False,Intermediate,"Push,Shoulders,Upper,Full Body",Vertical Push,True,Upper Body,Anterior,Limbs,3,8,12,5,2,traps,rhomboids,,,,
554,355,dumbbell one arm lateral raise,559,dumbbell one arm lateral raise,shoulders,delts,dumbbell,free_weight,dumbbell,False,Intermediate,"Push,Shoulders,Upper,Full Body",Vertical Push,True,Upper Body,Anterior,Limbs,3,8,12,6,2,trapezius,triceps,,,,
555,356,dumbbell one arm lateral raise with support,560,dumbbell one arm lateral raise with support,shoulders,delts,dumbbell,free_weight,dumbbell,False,Intermediate,"Push,Shoulders,Upper,Full Body",Vertical Push,True,Upper Body,Anterior,Limbs,3,8,12,7,2,trapezius,rotator cuff,,,,
556,359,dumbbell one arm reverse fly (with support),566,dumbbell one arm reverse fly,shoulders,delts,dumbbell,free_weight,dumbbell,False,Intermediate,"Push,Shoulders,Upper,Full Body",Vertical Push,True,Upper Body,Anterior,Limbs,3,8,12,6,2,trapezius,rhomboids,,,,
557,361,dumbbell one arm shoulder press,573,dumbbell one arm shoulder press,shoulders,delts,dumbbell,free_weight,dumbbell,False,Intermediate,"Push,Shoulders,Upper,Full Body",Vertical Push,True,Upper Body,Anterior,Limbs,3,8,12,4,2,triceps,upper back,,,,
558,360,dumbbell one arm shoulder press v. 2,573,dumbbell one arm shoulder press,shoulders,delts,dumbbell,free_weight,dumbbell,False,Intermediate,"Push,Shoulders,Upper,Full Body",Vertical Push,True,Upper Body,Anterior,Limbs,3,8,12,4,2,triceps,upper back,,,,
559,363,dumbbell one arm upright row,578,dumbbell one arm upright row,shoulders,delts,dumbbell,free_weight,dumbbell,False,Intermediate,"Push,Shoulders,Upper,Full Body",Vertical Push,True,Upper Body,Anterior,Limbs,3,8,12,5,2,traps,biceps,,,,
560,1700,dumbbell push press,601,dumbbell push press,shoulders,delts,dumbbell,free_weight,dumbbell,False,Intermediate,"Push,Shoulders,Upper,Full Body",Vertical Push,True,Upper Body,Anterior,Limbs,3,8,12,4,2,triceps,core,,,,
561,376,dumbbell raise,602,dumbbell raise,shoulders,delts,dumbbell,free_weight,dumbbell,False,Intermediate,"Push,Shoulders,Upper,Full Body",Vertical Push,True,Upper Body,Anterior,Limbs,3,8,12,5,2,traps,rhomboids,,,,
562,2292,dumbbell rear delt raise,603,dumbbell rear delt raise,shoulders,delts,dumbbell,free_weight,dumbbell,False,Intermediate,"Push,Shoulders,Upper,Full Body",Vertical Push,True,Upper Body,Anterior,Limbs,3,8,12,5,2,trapezius,rhomboids,,,,
563,377,dumbbell rear delt row_shoulder,604,dumbbell rear delt row_shoulder,shoulders,delts,dumbbell,free_weight,dumbbell,False,Intermediate,"Push,Shoulders,Upper,Full Body",Vertical Push,True,Upper Body,Anterior,Limbs,3,8,12,7,2,trapezius,rhomboids,,,,
564,378,dumbbell rear fly,605,dumbbell rear fly,shoulders,delts,dumbbell,free_weight,dumbbell,False,Intermediate,"Push,Shoulders,Upper,Full Body",Vertical Push,True,Upper Body,Anterior,Limbs,3,8,12,6,2,trapezius,rhomboids,,,,
565,380,dumbbell rear lateral raise,606,dumbbell rear lateral raise,shoulders,delts,dumbbell,free_weight,dumbbell,False,Intermediate,"Push,Shoulders,Upper,Full Body",Vertical Push,True,Upper Body,Anterior,Limbs,3,8,12,5,2,traps,rhomboids,,,,
566,379,dumbbell rear lateral raise (support head),606,dumbbell rear lateral raise,shoulders,delts,dumbbell,free_weight,dumbbell,False,Intermediate,"Push,Shoulders,Upper,Full Body",Vertical Push,True,Upper Body,Anterior,Limbs,3,8,12,5,2,traps,rhomboids,,,,
567,383,dumbbell reverse fly,610,dumbbell reverse fly,shoulders,delts,dumbbell,free_weight,dumbbell,False,Intermediate,"Push,Shoulders,Upper,Full Body",Vertical Push,True,Upper Body,Anterior,Limbs,3,8,12,6,2,trapezius,rhomboids,,,,
568,386,dumbbell rotation reverse fly,618,dumbbell rotation reverse fly,shoulders,delts,dumbbell,free_weight,dumbbell,False,Intermediate,"Push,Shoulders,Upper,Full Body",Vertical Push,True,Upper Body,Anterior,Limbs,3,8,12,6,2,trapezius,rhomboids,,,,
569,2397,dumbbell scott press,619,dumbbell scott press,shoulders,delts,dumbbell,free_weight,dumbbell,False,Intermediate,"Push,Shoulders,Upper,Full Body",Vertical Push,True,Upper Body,Anterior,Limbs,3,8,12,5,2,triceps,chest,,,,
570,387,dumbbell seated alternate front raise,620,dumbbell seated alternate front raise,shoulders,delts,dumbbell,free_weight,dumbbell,False,Intermediate,"Push,Shoulders,Upper,Full Body",Vertical Push,True,Upper Body,Anterior,Limbs,3,8,12,6,2,trapezius,biceps,,,,
571,388,dumbbell seated alternate press,622,dumbbell seated alternate press,shoulders,delts,dumbbell,free_weight,dumbbell,False,Intermediate,"Push,Shoulders,Upper,Full Body",Vertical Push,True,Upper Body,Anterior,Limbs,3,8,12,6,2,triceps,chest,,,,
572,3546,dumbbell seated alternate shoulder,623,dumbbell seated alternate shoulder,shoulders,delts,dumbbell,free_weight,dumbbell,False,Intermediate,"Push,Shoulders,Upper,Full Body",Vertical Push,True,Upper Body,Anterior,Limbs,3,8,12,5,2,triceps,upper back,,,,
573,2317,dumbbell seated bent arm lateral raise,625,dumbbell seated bent arm lateral raise,shoulders,delts,dumbbell,free_weight,dumbbell,False,Intermediate,"Push,Shoulders,Upper,Full Body",Vertical Push,True,Upper Body,Anterior,Limbs,3,8,12,5,2,trapezius,rhomboids,,,,
574,392,dumbbell seated front raise,633,dumbbell seated front raise,shoulders,delts,dumbbell,free_weight,dumbbell,False,Intermediate,"Push,Shoulders,Upper,Full Body",Vertical Push,True,Upper Body,Anterior,Limbs,3,8,12,5,2,trapezius,biceps,,,,
575,396,dumbbell seated lateral raise,637,dumbbell seated lateral raise,shoulders,delts,dumbbell,free_weight,dumbbell,False,Intermediate,"Push,Shoulders,Upper,Full Body",Vertical Push,True,Upper Body,Anterior,Limbs,3,8,12,5,2,traps,upper back,,,,
576,395,dumbbell seated lateral raise v. 2,637,dumbbell seated lateral raise,shoulders,delts,dumbbell,free_weight,dumbbell,False,Intermediate,"Push,Shoulders,Upper,Full Body",Vertical Push,True,Upper Body,Anterior,Limbs,3,8,12,5,2,traps,triceps,,,,
577,405,dumbbell seated shoulder press,649,dumbbell seated shoulder press,shoulders,delts,dumbbell,free_weight,dumbbell,False,Intermediate,"Push,Shoulders,Upper,Full Body",Vertical Push,True,Upper Body,Anterior,Limbs,3,8,12,5,2,triceps,upper back,,,,
578,404,dumbbell seated shoulder press (parallel grip),649,dumbbell seated shoulder press,shoulders,delts,dumbbell,free_weight,dumbbell,False,Intermediate,"Push,Shoulders,Upper,Full Body",Vertical Push,True,Upper Body,Anterior,Limbs,3,8,12,5,2,triceps,upper back,,,,
579,408,dumbbell side lying one hand raise,653,dumbbell side lying one hand raise,shoulders,delts,dumbbell,free_weight,dumbbell,False,Intermediate,"Push,Shoulders,Upper,Full Body",Vertical Push,True,Upper Body,Anterior,Limbs,3,8,12,5,2,trapezius,rhomboids,,,,
580,3548,dumbbell single arm overhead carry,655,dumbbell single arm overhead carry,shoulders,delts,dumbbell,free_weight,dumbbell,False,Intermediate,"Push,Shoulders,Upper,Full Body",Vertical Push,True,Upper Body,Anterior,Limbs,3,8,12,5,2,traps,core,,,,
581,414,dumbbell standing alternate overhead press,663,dumbbell standing alternate overhead press,shoulders,delts,dumbbell,free_weight,dumbbell,False,Intermediate,"Push,Shoulders,Upper,Full Body",Vertical Push,True,Upper Body,Anterior,Limbs,3,8,12,5,2,triceps,core,,,,
582,415,dumbbell standing alternate raise,664,dumbbell standing alternate raise,shoulders,delts,dumbbell,free_weight,dumbbell,False,Intermediate,"Push,Shoulders,Upper,Full Body",Vertical Push,True,Upper Body,Anterior,Limbs,3,8,12,7,2,traps,forearms,,,,
583,2143,dumbbell standing around world,666,dumbbell standing around world,shoulders,delts,dumbbell,free_weight,dumbbell,False,Intermediate,"Push,Shoulders,Upper,Full Body",Vertical Push,True,Upper Body,Anterior,Limbs,3,8,12,5,2,triceps,forearms,,,,
584,419,dumbbell standing front raise above head,672,dumbbell standing front raise above head,shoulders,delts,dumbbell,free_weight,dumbbell,False,Intermediate,"Push,Shoulders,Upper,Full Body",Vertical Push,True,Upper Body,Anterior,Limbs,3,8,12,4,2,trapezius,biceps,,,,
585,424,dumbbell standing one arm palm in press,679,dumbbell standing one arm palm in press,shoulders,delts,dumbbell,free_weight,dumbbell,False,Intermediate,"Push,Shoulders,Upper,Full Body",Vertical Push,True,Upper Body,Anterior,Limbs,3,8,12,5,2,triceps,core,,,,
586,426,dumbbell standing overhead press,681,dumbbell standing overhead press,shoulders,delts,dumbbell,free_weight,dumbbell,False,Intermediate,"Push,Shoulders,Upper,Full Body",Vertical Push,True,Upper Body,Anterior,Limbs,3,8,12,4,2,triceps,upper back,,,,
587,427,dumbbell standing palms in press,682,dumbbell standing palms in press,shoulders,delts,dumbbell,free_weight,dumbbell,False,Intermediate,"Push,Shoulders,Upper,Full Body",Vertical Push,True,Upper Body,Anterior,Limbs,3,8,12,4,2,triceps,chest,,,,
588,437,dumbbell upright row,699,dumbbell upright row,shoulders,delts,dumbbell,free_weight,dumbbell,False,Intermediate,"Push,Shoulders,Upper,Full Body",Vertical Push,True,Upper Body,Anterior,Limbs,3,8,12,5,2,traps,biceps,,,,
589,1765,dumbbell upright row (back pov),699,dumbbell upright row,shoulders,delts,dumbbell,free_weight,dumbbell,False,Intermediate,"Push,Shoulders,Upper,Full Body",Vertical Push,True,Upper Body,Anterior,Limbs,3,8,12,6,2,traps,biceps,,,,
590,864,dumbbell upright shoulder external rotation,700,dumbbell upright shoulder external rotation,shoulders,delts,dumbbell,free_weight,dumbbell,False,Intermediate,"Push,Shoulders,Upper,Full Body",Vertical Push,True,Upper Body,Anterior,Limbs,3,8,12,5,2,rotator cuff,trapezius,,,,
591,438,dumbbell w-press,702,dumbbell w-press,shoulders,delts,dumbbell,free_weight,dumbbell,False,Intermediate,"Push,Shoulders,Upper,Full Body",Vertical Push,True,Upper Body,Anterior,Limbs,3,8,12,5,2,triceps,chest,,,,
592,445,ez barbell anti gravity press,736,ez barbell anti gravity press,shoulders,delts,ez barbell,free_weight,ez barbell,False,Intermediate,"Push,Shoulders,Upper,Full Body",Vertical Push,True,Upper Body,Anterior,Limbs,3,8,12,4,2,triceps,chest,,,,
593,520,kettlebell alternating press,823,kettlebell alternating press,shoulders,delts,kettlebell,free_weight,kettlebell,False,Intermediate,"Push,Shoulders,Upper,Full Body",Vertical Push,True,Upper Body,Anterior,Limbs,3,8,12,5,2,triceps,core,,,,
594,523,kettlebell arnold press,827,kettlebell arnold press,shoulders,delts,kettlebell,free_weight,kettlebell,False,Intermediate,"Push,Shoulders,Upper,Full Body",Vertical Push,True,Upper Body,Anterior,Limbs,3,8,12,4,2,triceps,upper back,,,,
595,527,kettlebell double jerk,831,kettlebell double jerk,shoulders,delts,kettlebell,free_weight,kettlebell,False,Intermediate,"Push,Shoulders,Upper,Full Body",Vertical Push,True,Upper Body,Anterior,Limbs,3,8,12,8,2,triceps,core,,,,
596,528,kettlebell double push press,832,kettlebell double push press,shoulders,delts,kettlebell,free_weight,kettlebell,False,Intermediate,"Push,Shoulders,Upper,Full Body",Vertical Push,True,Upper Body,Anterior,Limbs,3,8,12,6,2,triceps,core,,,,
597,529,kettlebell double snatch,833,kettlebell double snatch,shoulders,delts,kettlebell,free_weight,kettlebell,False,Intermediate,"Push,Shoulders,Upper,Full Body",Vertical Push,True,Upper Body,Anterior,Limbs,3,8,12,5,3,trapezius,forearms,core,,,
598,537,kettlebell one arm clean and jerk,841,kettlebell one arm clean and jerk,shoulders,delts,kettlebell,free_weight,kettlebell,False,Intermediate,"Push,Shoulders,Upper,Full Body",Vertical Push,True,Upper Body,Anterior,Limbs,3,8,12,5,2,triceps,core,,,,
599,538,kettlebell one arm jerk,843,kettlebell one arm jerk,shoulders,delts,kettlebell,free_weight,kettlebell,False,Intermediate,"Push,Shoulders,Upper,Full Body",Vertical Push,True,Upper Body,Anterior,Limbs,3,8,12,8,2,triceps,core,,,,
600,539,kettlebell one arm military press to the side,844,kettlebell one arm military press to the side,shoulders,delts,kettlebell,free_weight,kettlebell,False,Intermediate,"Push,Shoulders,Upper,Full Body",Vertical Push,True,Upper Body,Anterior,Limbs,3,8,12,5,2,triceps,core,,,,
601,540,kettlebell one arm push press,845,kettlebell one arm push press,shoulders,delts,kettlebell,free_weight,kettlebell,False,Intermediate,"Push,Shoulders,Upper,Full Body",Vertical Push,True,Upper Body,Anterior,Limbs,3,8,12,5,2,triceps,core,,,,
602,542,kettlebell one arm snatch,847,kettlebell one arm snatch,shoulders,delts,kettlebell,free_weight,kettlebell,False,Intermediate,"Push,Shoulders,Upper,Full Body",Vertical Push,True,Upper Body,Anterior,Limbs,3,8,12,5,3,trapezius,forearms,core,,,
603,543,kettlebell pirate supper legs,848,kettlebell pirate supper legs,shoulders,delts,kettlebell,free_weight,kettlebell,False,Intermediate,"Push,Shoulders,Upper,Full Body",Vertical Push,True,Upper Body,Anterior,Limbs,3,8,12,6,2,triceps,forearms,,,,
604,546,kettlebell seated press,851,kettlebell seated press,shoulders,delts,kettlebell,free_weight,kettlebell,False,Intermediate,"Push,Shoulders,Upper,Full Body",Vertical Push,True,Upper Body,Anterior,Limbs,3,8,12,5,2,triceps,core,,,,
605,1438,kettlebell seated two arm military press,852,kettlebell seated two arm military press,shoulders,delts,kettlebell,free_weight,kettlebell,False,Intermediate,"Push,Shoulders,Upper,Full Body",Vertical Push,True,Upper Body,Anterior,Limbs,3,8,12,5,2,triceps,upper back,,,,
606,547,kettlebell seesaw press,853,kettlebell seesaw press,shoulders,delts,kettlebell,free_weight,kettlebell,False,Intermediate,"Push,Shoulders,Upper,Full Body",Vertical Push,True,Upper Body,Anterior,Limbs,3,8,12,5,2,triceps,core,,,,
607,550,kettlebell thruster,856,kettlebell thruster,shoulders,delts,kettlebell,free_weight,kettlebell,False,Intermediate,"Push,Shoulders,Upper,Full Body",Vertical Push,True,Upper Body,Anterior,Limbs,3,8,12,6,3,quadriceps,glutes,core,,,
608,552,kettlebell two arm clean,858,kettlebell two arm clean,shoulders,delts,kettlebell,free_weight,kettlebell,False,Intermediate,"Push,Shoulders,Upper,Full Body",Vertical Push,True,Upper Body,Anterior,Limbs,3,8,12,5,2,traps,forearms,,,,
609,553,kettlebell two arm military press,859,kettlebell two arm military press,shoulders,delts,kettlebell,free_weight,kettlebell,False,Intermediate,"Push,Shoulders,Upper,Full Body",Vertical Push,True,Upper Body,Anterior,Limbs,3,8,12,4,2,triceps,upper back,,,,
610,3237,landmine lateral raise,873,landmine lateral raise,shoulders,delts,barbell,free_weight,barbell,False,Intermediate,"Push,Shoulders,Upper,Full Body",Vertical Push,True,Upper Body,Anterior,Limbs,3,8,12,5,2,traps,upper back,,,,
611,2271,left hook. boxing,875,left hook. boxing,shoulders,delts,body weight,bodyweight,body weight,False,Intermediate,"Push,Shoulders,Upper,Full Body",Vertical Push,True,Upper Body,Anterior,Limbs,3,8,12,5,3,biceps,triceps,forearms,,,
612,584,lever lateral raise,900,lever lateral raise,shoulders,delts,leverage machine,machine,leverage machine,True,Intermediate,"Push,Shoulders,Upper,Full Body",Vertical Push,True,Upper Body,Anterior,Limbs,3,8,12,5,2,traps,upper back,,,,
613,587,lever military press,904,lever military press,shoulders,delts,leverage machine,machine,leverage machine,True,Intermediate,"Push,Shoulders,Upper,Full Body",Vertical Push,True,Upper Body,Anterior,Limbs,3,8,12,5,2,triceps,upper chest,,,,
614,590,lever one arm shoulder press,909,lever one arm shoulder press,shoulders,delts,leverage machine,machine,leverage machine,True,Intermediate,"Push,Shoulders,Upper,Full Body",Vertical Push,True,Upper Body,Anterior,Limbs,3,8,12,5,2,triceps,upper back,,,,
615,602,lever seated reverse fly,929,lever seated reverse fly,shoulders,delts,leverage machine,machine,leverage machine,True,Intermediate,"Push,Shoulders,Upper,Full Body",Vertical Push,True,Upper Body,Anterior,Limbs,3,8,12,5,2,trapezius,rhomboids,,,,
616,601,lever seated reverse fly (parallel grip),929,lever seated reverse fly,shoulders,delts,leverage machine,machine,leverage machine,True,Intermediate,"Push,Shoulders,Upper,Full Body",Vertical Push,True,Upper Body,Anterior,Limbs,3,8,12,5,2,trapezius,rhomboids,,,,
617,603,lever shoulder press,932,lever shoulder press,shoulders,delts,leverage machine,machine,leverage machine,True,Intermediate,"Push,Shoulders,Upper,Full Body",Vertical Push,True,Upper Body,Anterior,Limbs,3,8,12,5,2,triceps,chest,,,,
618,869,lever shoulder press v. 2,932,lever shoulder press,shoulders,delts,leverage machine,machine,leverage machine,True,Intermediate,"Push,Shoulders,Upper,Full Body",Vertical Push,True,Upper Body,Anterior,Limbs,3,8,12,6,2,triceps,chest,,,,
619,2318,lever shoulder press v. 3,932,lever shoulder press,shoulders,delts,leverage machine,machine,leverage machine,True,Intermediate,"Push,Shoulders,Upper,Full Body",Vertical Push,True,Upper Body,Anterior,Limbs,3,8,12,6,2,triceps,chest,,,,
620,669,rear deltoid stretch,1016,rear deltoid stretch,shoulders,delts,body weight,bodyweight,body weight,False,Intermediate,"Push,Shoulders,Upper,Full Body",Vertical Push,True,Upper Body,Anterior,Limbs,3,8,12,5,2,trapezius,rhomboids,,,,
621,3122,resistance band seated shoulder press,1024,resistance band seated shoulder press,shoulders,delts,resistance band,bands,resistance band,False,Intermediate,"Push,Shoulders,Upper,Full Body",Vertical Push,True,Upper Body,Anterior,Limbs,3,8,12,5,2,triceps,upper back,,,,
622,747,smith behind neck press,1103,smith behind neck press,shoulders,delts,smith machine,machine,smith machine,True,Intermediate,"Push,Shoulders,Upper,Full Body",Vertical Push,True,Upper Body,Anterior,Limbs,3,8,12,8,2,triceps,upper back,,,,
623,762,smith rear delt row,1128,smith rear delt row,shoulders,delts,smith machine,machine,smith machine,True,Intermediate,"Push,Shoulders,Upper,Full Body",Vertical Push,True,Upper Body,Anterior,Limbs,3,8,12,5,3,trapezius,rhomboids,biceps,,,
624,765,smith seated shoulder press,1133,smith seated shoulder press,shoulders,delts,smith machine,machine,smith machine,True,Intermediate,"Push,Shoulders,Upper,Full Body",Vertical Push,True,Upper Body,Anterior,Limbs,3,8,12,7,2,triceps,upper back,,,,
625,766,smith shoulder press,1135,smith shoulder press,shoulders,delts,smith machine,machine,smith machine,True,Intermediate,"Push,Shoulders,Upper,Full Body",Vertical Push,True,Upper Body,Anterior,Limbs,3,8,12,6,2,triceps,upper back,,,,
626,772,smith standing behind head military press,1141,smith standing behind head military press,shoulders,delts,smith machine,machine,smith machine,True,Intermediate,"Push,Shoulders,Upper,Full Body",Vertical Push,True,Upper Body,Anterior,Limbs,3,8,12,9,2,triceps,upper back,,,,
627,774,smith standing military press,1143,smith standing military press,shoulders,delts,smith machine,machine,smith machine,True,Intermediate,"Push,Shoulders,Upper,Full Body",Vertical Push,True,Upper Body,Anterior,Limbs,3,8,12,6,2,triceps,upper back,,,,
628,775,smith upright row,1146,smith upright row,shoulders,delts,smith machine,machine,smith machine,True,Intermediate,"Push,Shoulders,Upper,Full Body",Vertical Push,True,Upper Body,Anterior,Limbs,3,8,12,6,2,traps,biceps,,,,
629,788,standing behind neck press,1163,standing behind neck press,shoulders,delts,barbell,free_weight,barbell,False,Intermediate,"Push,Shoulders,Upper,Full Body",Vertical Push,True,Upper Body,Anterior,Limbs,3,8,12,5,2,triceps,upper back,,,,
630,834,weighted front raise,1215,weighted front raise,shoulders,delts,weighted,other,weighted,False,Intermediate,"Push,Shoulders,Upper,Full Body",Vertical Push,True,Upper Body,Anterior,Limbs,3,8,12,4,2,biceps,forearms,,,,
631,3641,weighted kneeling step with swing,1218,weighted kneeling step with swing,shoulders,delts,weighted,other,weighted,False,Intermediate,"Push,Shoulders,Upper,Full Body",Vertical Push,True,Upper Body,Anterior,Limbs,3,8,12,4,2,triceps,core,,,,
632,844,weighted round arm,1224,weighted round arm,shoulders,delts,weighted,other,weighted,False,Intermediate,"Push,Shoulders,Upper,Full Body",Vertical Push,True,Upper Body,Anterior,Limbs,3,8,12,6,2,triceps,upper back,,,,
633,968,band alternating biceps curl,42,band alternating biceps curl,upper arms,biceps,band,bands,band,False,Intermediate,"Arms,Upper,Full Body,Pull",Isolation Pull,False,Upper Body,Anterior,Limbs,3,10,15,4,1,forearms,,,,,
634,976,band concentration curl,51,band concentration curl,upper arms,biceps,band,bands,band,False,Intermediate,"Arms,Upper,Full Body,Pull",Isolation Pull,False,Upper Body,Anterior,Limbs,3,10,15,6,1,forearms,,,,,
635,986,band one arm overhead biceps curl,63,band one arm overhead biceps curl,upper arms,biceps,band,bands,band,False,Intermediate,"Arms,Upper,Full Body,Pull",Isolation Pull,False,Upper Body,Anterior,Limbs,3,10,15,5,2,forearms,shoulders,,,,
636,23,barbell alternate biceps curl,96,barbell alternate biceps curl,upper arms,biceps,barbell,free_weight,barbell,False,Intermediate,"Arms,Upper,Full Body,Pull",Isolation Pull,False,Upper Body,Anterior,Limbs,3,10,15,6,1,forearms,,,,,
637,2407,barbell biceps curl (with arm blaster),102,barbell biceps curl,upper arms,biceps,barbell,free_weight,barbell,False,Intermediate,"Arms,Upper,Full Body,Pull",Isolation Pull,False,Upper Body,Anterior,Limbs,3,10,15,7,1,forearms,,,,,
638,31,barbell curl,106,barbell curl,upper arms,biceps,barbell,free_weight,barbell,False,Intermediate,"Arms,Upper,Full Body,Pull",Isolation Pull,False,Upper Body,Anterior,Limbs,3,10,15,6,1,forearms,,,,,
639,38,barbell drag curl,114,barbell drag curl,upper arms,biceps,barbell,free_weight,barbell,False,Intermediate,"Arms,Upper,Full Body,Pull",Isolation Pull,False,Upper Body,Anterior,Limbs,3,10,15,5,1,forearms,,,,,
640,59,barbell lying preacher curl,144,barbell lying preacher curl,upper arms,biceps,barbell,free_weight,barbell,False,Intermediate,"Arms,Upper,Full Body,Pull",Isolation Pull,False,Upper Body,Anterior,Limbs,3,10,15,6,1,forearms,,,,,
641,70,barbell preacher curl,158,barbell preacher curl,upper arms,biceps,barbell,free_weight,barbell,False,Intermediate,"Arms,Upper,Full Body,Pull",Isolation Pull,False,Upper Body,Anterior,Limbs,3,10,15,6,1,forearms,,,,,
642,72,barbell prone incline curl,160,barbell prone incline curl,upper arms,biceps,barbell,free_weight,barbell,False,Intermediate,"Arms,Upper,Full Body,Pull",Isolation Pull,False,Upper Body,Anterior,Limbs,3,10,15,9,1,forearms,,,,,
643,80,barbell reverse curl,169,barbell reverse curl,upper arms,biceps,barbell,free_weight,barbell,False,Intermediate,"Arms,Upper,Full Body,Pull",Isolation Pull,False,Upper Body,Anterior,Limbs,3,10,15,6,1,forearms,,,,,
644,81,barbell reverse preacher curl,175,barbell reverse preacher curl,upper arms,biceps,barbell,free_weight,barbell,False,Intermediate,"Arms,Upper,Full Body,Pull",Isolation Pull,False,Upper Body,Anterior,Limbs,3,10,15,6,1,forearms,,,,,
645,89,barbell seated close-grip concentration curl,184,barbell seated close-grip concentration curl,upper arms,biceps,barbell,free_weight,barbell,False,Intermediate,"Arms,Upper,Full Body,Pull",Isolation Pull,False,Upper Body,Anterior,Limbs,3,10,15,5,1,forearms,,,,,
646,106,barbell standing close grip curl,204,barbell standing close grip curl,upper arms,biceps,barbell,free_weight,barbell,False,Intermediate,"Arms,Upper,Full Body,Pull",Isolation Pull,False,Upper Body,Anterior,Limbs,3,10,15,6,1,forearms,,,,,
647,2414,barbell standing concentration curl,206,barbell standing concentration curl,upper arms,biceps,barbell,free_weight,barbell,False,Intermediate,"Arms,Upper,Full Body,Pull",Isolation Pull,False,Upper Body,Anterior,Limbs,3,10,15,6,1,forearms,,,,,
648,110,barbell standing reverse grip curl,210,barbell standing reverse grip curl,upper arms,biceps,barbell,free_weight,barbell,False,Intermediate,"Arms,Upper,Full Body,Pull",Isolation Pull,False,Upper Body,Anterior,Limbs,3,10,15,6,1,forearms,,,,,
649,1629,barbell standing wide grip biceps curl,213,barbell standing wide grip biceps curl,upper arms,biceps,barbell,free_weight,barbell,False,Intermediate,"Arms,Upper,Full Body,Pull",Isolation Pull,False,Upper Body,Anterior,Limbs,3,10,15,6,1,forearms,,,,,
650,113,barbell standing wide-grip curl,215,barbell standing wide-grip curl,upper arms,biceps,barbell,free_weight,barbell,False,Intermediate,"Arms,Upper,Full Body,Pull",Isolation Pull,False,Upper Body,Anterior,Limbs,3,10,15,7,2,forearms,shoulders,,,,
651,1770,biceps leg concentration curl,237,biceps leg concentration curl,upper arms,biceps,body weight,bodyweight,body weight,False,Intermediate,"Arms,Upper,Full Body,Pull",Isolation Pull,False,Upper Body,Anterior,Limbs,3,10,15,5,1,forearms,,,,,
652,139,biceps narrow pull-ups,238,biceps narrow pull-ups,upper arms,biceps,body weight,bodyweight,body weight,False,Intermediate,"Arms,Upper,Full Body,Pull",Isolation Pull,False,Upper Body,Anterior,Limbs,3,10,15,4,2,forearms,shoulders,,,,
653,140,biceps pull-up,239,biceps pull-up,upper arms,biceps,body weight,bodyweight,body weight,False,Intermediate,"Arms,Upper,Full Body,Pull",Isolation Pull,False,Upper Body,Anterior,Limbs,3,10,15,4,2,forearms,shoulders,,,,
654,1769,bodyweight side lying biceps curl,244,bodyweight side lying biceps curl,upper arms,biceps,body weight,bodyweight,body weight,False,Intermediate,"Arms,Upper,Full Body,Pull",Isolation Pull,False,Upper Body,Anterior,Limbs,3,10,15,4,1,forearms,,,,,
655,1630,cable close grip curl,262,cable close grip curl,upper arms,biceps,cable,cable,cable,True,Intermediate,"Arms,Upper,Full Body,Pull",Isolation Pull,False,Upper Body,Anterior,Limbs,3,10,15,8,1,forearms,,,,,
656,1631,cable concentration curl,263,cable concentration curl,upper arms,biceps,cable,cable,cable,True,Intermediate,"Arms,Upper,Full Body,Pull",Isolation Pull,False,Upper Body,Anterior,Limbs,3,10,15,5,1,forearms,,,,,
657,868,cable curl,268,cable curl,upper arms,biceps,cable,cable,cable,True,Intermediate,"Arms,Upper,Full Body,Pull",Isolation Pull,False,Upper Body,Anterior,Limbs,3,10,15,7,1,forearms,,,,,
658,1632,cable drag curl,274,cable drag curl,upper arms,biceps,cable,cable,cable,True,Intermediate,"Arms,Upper,Full Body,Pull",Isolation Pull,False,Upper Body,Anterior,Limbs,3,10,15,6,1,forearms,,,,,
659,165,cable hammer curl (with rope),279,cable hammer curl,upper arms,biceps,cable,cable,cable,True,Intermediate,"Arms,Upper,Full Body,Pull",Isolation Pull,False,Upper Body,Anterior,Limbs,3,10,15,7,1,forearms,,,,,
660,1634,cable lying bicep curl,299,cable lying bicep curl,upper arms,biceps,cable,cable,cable,True,Intermediate,"Arms,Upper,Full Body,Pull",Isolation Pull,False,Upper Body,Anterior,Limbs,3,10,15,8,1,forearms,,,,,
661,182,cable lying close-grip curl,300,cable lying close-grip curl,upper arms,biceps,cable,cable,cable,True,Intermediate,"Arms,Upper,Full Body,Pull",Isolation Pull,False,Upper Body,Anterior,Limbs,3,10,15,8,1,forearms,,,,,
662,190,cable one arm curl,306,cable one arm curl,upper arms,biceps,cable,cable,cable,True,Intermediate,"Arms,Upper,Full Body,Pull",Isolation Pull,False,Upper Body,Anterior,Limbs,3,10,15,5,1,forearms,,,,,
663,1633,cable one arm preacher curl,314,cable one arm preacher curl,upper arms,biceps,cable,cable,cable,True,Intermediate,"Arms,Upper,Full Body,Pull",Isolation Pull,False,Upper Body,Anterior,Limbs,3,10,15,9,1,forearms,,,,,
664,1635,cable one arm reverse preacher curl,317,cable one arm reverse preacher curl,upper arms,biceps,cable,cable,cable,True,Intermediate,"Arms,Upper,Full Body,Pull",Isolation Pull,False,Upper Body,Anterior,Limbs,3,10,15,9,1,forearms,,,,,
665,1636,cable overhead curl,320,cable overhead curl,upper arms,biceps,cable,cable,cable,True,Intermediate,"Arms,Upper,Full Body,Pull",Isolation Pull,False,Upper Body,Anterior,Limbs,3,10,15,8,2,forearms,shoulders,,,,
666,1637,cable overhead curl on exercise ball,321,cable overhead curl on exercise ball,upper arms,biceps,cable,cable,cable,True,Intermediate,"Arms,Upper,Full Body,Pull",Isolation Pull,False,Upper Body,Anterior,Limbs,3,10,15,5,2,forearms,shoulders,,,,
667,195,cable preacher curl,324,cable preacher curl,upper arms,biceps,cable,cable,cable,True,Intermediate,"Arms,Upper,Full Body,Pull",Isolation Pull,False,Upper Body,Anterior,Limbs,3,10,15,6,1,forearms,,,,,
668,1638,cable pulldown bicep curl,328,cable pulldown bicep curl,upper arms,biceps,cable,cable,cable,True,Intermediate,"Arms,Upper,Full Body,Pull",Isolation Pull,False,Upper Body,Anterior,Limbs,3,10,15,8,1,forearms,,,,,
669,206,cable reverse curl,334,cable reverse curl,upper arms,biceps,cable,cable,cable,True,Intermediate,"Arms,Upper,Full Body,Pull",Isolation Pull,False,Upper Body,Anterior,Limbs,3,10,15,8,1,forearms,,,,,
670,1413,cable reverse one arm curl,336,cable reverse one arm curl,upper arms,biceps,cable,cable,cable,True,Intermediate,"Arms,Upper,Full Body,Pull",Isolation Pull,False,Upper Body,Anterior,Limbs,3,10,15,5,1,forearms,,,,,
671,209,cable reverse preacher curl,337,cable reverse preacher curl,upper arms,biceps,cable,cable,cable,True,Intermediate,"Arms,Upper,Full Body,Pull",Isolation Pull,False,Upper Body,Anterior,Limbs,3,10,15,7,1,forearms,,,,,
672,1639,cable rope hammer preacher curl,344,cable rope hammer preacher curl,upper arms,biceps,cable,cable,cable,True,Intermediate,"Arms,Upper,Full Body,Pull",Isolation Pull,False,Upper Body,Anterior,Limbs,3,10,15,8,1,forearms,,,,,
673,1640,cable rope one arm hammer preacher curl,348,cable rope one arm hammer preacher curl,upper arms,biceps,cable,cable,cable,True,Intermediate,"Arms,Upper,Full Body,Pull",Isolation Pull,False,Upper Body,Anterior,Limbs,3,10,15,8,1,forearms,,,,,
674,1641,cable seated curl,353,cable seated curl,upper arms,biceps,cable,cable,cable,True,Intermediate,"Arms,Upper,Full Body,Pull",Isolation Pull,False,Upper Body,Anterior,Limbs,3,10,15,6,1,forearms,,,,,
675,1642,cable seated one arm concentration curl,356,cable seated one arm concentration curl,upper arms,biceps,cable,cable,cable,True,Intermediate,"Arms,Upper,Full Body,Pull",Isolation Pull,False,Upper Body,Anterior,Limbs,3,10,15,6,1,forearms,,,,,
676,1643,cable seated overhead curl,357,cable seated overhead curl,upper arms,biceps,cable,cable,cable,True,Intermediate,"Arms,Upper,Full Body,Pull",Isolation Pull,False,Upper Body,Anterior,Limbs,3,10,15,7,2,forearms,shoulders,,,,
677,1644,cable squatting curl,369,cable squatting curl,upper arms,biceps,cable,cable,cable,True,Intermediate,"Arms,Upper,Full Body,Pull",Isolation Pull,False,Upper Body,Anterior,Limbs,3,10,15,8,1,forearms,,,,,
678,229,cable standing inner curl,376,cable standing inner curl,upper arms,biceps,cable,cable,cable,True,Intermediate,"Arms,Upper,Full Body,Pull",Isolation Pull,False,Upper Body,Anterior,Limbs,3,10,15,7,1,forearms,,,,,
679,232,cable standing pulldown (with rope),380,cable standing pulldown,upper arms,biceps,cable,cable,cable,True,Intermediate,"Arms,Upper,Full Body,Pull",Isolation Pull,False,Upper Body,Anterior,Limbs,3,10,15,7,2,forearms,shoulders,,,,
680,1645,cable two arm curl on incline bench,395,cable two arm curl on incline bench,upper arms,biceps,cable,cable,cable,True,Intermediate,"Arms,Upper,Full Body,Pull",Isolation Pull,False,Upper Body,Anterior,Limbs,3,10,15,6,1,forearms,,,,,
681,285,dumbbell alternate biceps curl,437,dumbbell alternate biceps curl,upper arms,biceps,dumbbell,free_weight,dumbbell,False,Intermediate,"Arms,Upper,Full Body,Pull",Isolation Pull,False,Upper Body,Anterior,Limbs,3,10,15,6,1,forearms,,,,,
682,2403,dumbbell alternate biceps curl (with arm blaster),437,dumbbell alternate biceps curl,upper arms,biceps,dumbbell,free_weight,dumbbell,False,Intermediate,"Arms,Upper,Full Body,Pull",Isolation Pull,False,Upper Body,Anterior,Limbs,3,10,15,8,1,forearms,,,,,
683,1646,dumbbell alternate hammer preacher curl,438,dumbbell alternate hammer preacher curl,upper arms,biceps,dumbbell,free_weight,dumbbell,False,Intermediate,"Arms,Upper,Full Body,Pull",Isolation Pull,False,Upper Body,Anterior,Limbs,3,10,15,6,1,forearms,,,,,
684,1647,dumbbell alternate preacher curl,439,dumbbell alternate preacher curl,upper arms,biceps,dumbbell,free_weight,dumbbell,False,Intermediate,"Arms,Upper,Full Body,Pull",Isolation Pull,False,Upper Body,Anterior,Limbs,3,10,15,7,1,forearms,,,,,
685,1648,dumbbell alternate seated hammer curl,440,dumbbell alternate seated hammer curl,upper arms,biceps,dumbbell,free_weight,dumbbell,False,Intermediate,"Arms,Upper,Full Body,Pull",Isolation Pull,False,Upper Body,Anterior,Limbs,3,10,15,7,1,forearms,,,,,
686,1649,dumbbell alternating bicep curl with leg raised on exercise ball,442,dumbbell alternating bicep curl with leg raised on exercise ball,upper arms,biceps,dumbbell,free_weight,dumbbell,False,Intermediate,"Arms,Upper,Full Body,Pull",Isolation Pull,False,Upper Body,Anterior,Limbs,3,10,15,5,2,forearms,shoulders,,,,
687,1650,dumbbell alternating seated bicep curl on exercise ball,443,dumbbell alternating seated bicep curl on exercise ball,upper arms,biceps,dumbbell,free_weight,dumbbell,False,Intermediate,"Arms,Upper,Full Body,Pull",Isolation Pull,False,Upper Body,Anterior,Limbs,3,10,15,6,1,forearms,,,,,
688,1651,dumbbell bicep curl lunge with bowling motion,450,dumbbell bicep curl lunge with bowling motion,upper arms,biceps,dumbbell,free_weight,dumbbell,False,Intermediate,"Arms,Upper,Full Body,Pull",Isolation Pull,False,Upper Body,Anterior,Limbs,3,10,15,7,2,forearms,shoulders,,,,
689,1652,dumbbell bicep curl on exercise ball with leg raised,451,dumbbell bicep curl on exercise ball with leg raised,upper arms,biceps,dumbbell,free_weight,dumbbell,False,Intermediate,"Arms,Upper,Full Body,Pull",Isolation Pull,False,Upper Body,Anterior,Limbs,3,10,15,6,2,forearms,shoulders,,,,
690,1653,dumbbell bicep curl with stork stance,452,dumbbell bicep curl with stork stance,upper arms,biceps,dumbbell,free_weight,dumbbell,False,Intermediate,"Arms,Upper,Full Body,Pull",Isolation Pull,False,Upper Body,Anterior,Limbs,3,10,15,7,1,forearms,,,,,
691,294,dumbbell biceps curl,453,dumbbell biceps curl,upper arms,biceps,dumbbell,free_weight,dumbbell,False,Intermediate,"Arms,Upper,Full Body,Pull",Isolation Pull,False,Upper Body,Anterior,Limbs,3,10,15,6,1,forearms,,,,,
692,2401,dumbbell biceps curl (with arm blaster),453,dumbbell biceps curl,upper arms,biceps,dumbbell,free_weight,dumbbell,False,Intermediate,"Arms,Upper,Full Body,Pull",Isolation Pull,False,Upper Body,Anterior,Limbs,3,10,15,7,1,forearms,,,,,
693,1654,dumbbell biceps curl reverse,454,dumbbell biceps curl reverse,upper arms,biceps,dumbbell,free_weight,dumbbell,False,Intermediate,"Arms,Upper,Full Body,Pull",Isolation Pull,False,Upper Body,Anterior,Limbs,3,10,15,6,1,forearms,,,,,
694,1655,dumbbell biceps curl squat,455,dumbbell biceps curl squat,upper arms,biceps,dumbbell,free_weight,dumbbell,False,Intermediate,"Arms,Upper,Full Body,Pull",Isolation Pull,False,Upper Body,Anterior,Limbs,3,10,15,5,1,forearms,,,,,
695,1656,dumbbell biceps curl v sit on bosu ball,456,dumbbell biceps curl v sit on bosu ball,upper arms,biceps,dumbbell,free_weight,dumbbell,False,Intermediate,"Arms,Upper,Full Body,Pull",Isolation Pull,False,Upper Body,Anterior,Limbs,3,10,15,7,2,forearms,shoulders,,,,
696,297,dumbbell concentration curl,461,dumbbell concentration curl,upper arms,biceps,dumbbell,free_weight,dumbbell,False,Intermediate,"Arms,Upper,Full Body,Pull",Isolation Pull,False,Upper Body,Anterior,Limbs,3,10,15,7,1,forearms,,,,,
697,298,dumbbell cross body hammer curl,463,dumbbell cross body hammer curl,upper arms,biceps,dumbbell,free_weight,dumbbell,False,Intermediate,"Arms,Upper,Full Body,Pull",Isolation Pull,False,Upper Body,Anterior,Limbs,3,10,15,7,1,forearms,,,,,
698,1657,dumbbell cross body hammer curl v. 2,463,dumbbell cross body hammer curl,upper arms,biceps,dumbbell,free_weight,dumbbell,False,Intermediate,"Arms,Upper,Full Body,Pull",Isolation Pull,False,Upper Body,Anterior,Limbs,3,10,15,6,1,forearms,,,,,
699,313,dumbbell hammer curl,481,dumbbell hammer curl,upper arms,biceps,dumbbell,free_weight,dumbbell,False,Intermediate,"Arms,Upper,Full Body,Pull",Isolation Pull,False,Upper Body,Anterior,Limbs,3,10,15,8,1,forearms,,,,,
700,1659,dumbbell hammer curl on exercise ball,482,dumbbell hammer curl on exercise ball,upper arms,biceps,dumbbell,free_weight,dumbbell,False,Intermediate,"Arms,Upper,Full Body,Pull",Isolation Pull,False,Upper Body,Anterior,Limbs,3,10,15,7,1,forearms,,,,,
701,312,dumbbell hammer curl v. 2,481,dumbbell hammer curl,upper arms,biceps,dumbbell,free_weight,dumbbell,False,Intermediate,"Arms,Upper,Full Body,Pull",Isolation Pull,False,Upper Body,Anterior,Limbs,3,10,15,8,1,forearms,,,,,
702,2402,dumbbell hammer curls (with arm blaster),483,dumbbell hammer curls,upper arms,biceps,dumbbell,free_weight,dumbbell,False,Intermediate,"Arms,Upper,Full Body,Pull",Isolation Pull,False,Upper Body,Anterior,Limbs,3,10,15,8,1,forearms,,,,,
703,1664,dumbbell high curl,484,dumbbell high curl,upper arms,biceps,dumbbell,free_weight,dumbbell,False,Intermediate,"Arms,Upper,Full Body,Pull",Isolation Pull,False,Upper Body,Anterior,Limbs,3,10,15,4,1,forearms,,,,,
704,315,dumbbell incline biceps curl,487,dumbbell incline biceps curl,upper arms,biceps,dumbbell,free_weight,dumbbell,False,Intermediate,"Arms,Upper,Full Body,Pull",Isolation Pull,False,Upper Body,Anterior,Limbs,3,10,15,6,1,forearms,,,,,
705,318,dumbbell incline curl,489,dumbbell incline curl,upper arms,biceps,dumbbell,free_weight,dumbbell,False,Intermediate,"Arms,Upper,Full Body,Pull",Isolation Pull,False,Upper Body,Anterior,Limbs,3,10,15,7,1,forearms,,,,,
706,317,dumbbell incline curl v. 2,489,dumbbell incline curl,upper arms,biceps,dumbbell,free_weight,dumbbell,False,Intermediate,"Arms,Upper,Full Body,Pull",Isolation Pull,False,Upper Body,Anterior,Limbs,3,10,15,6,1,forearms,,,,,
707,320,dumbbell incline hammer curl,492,dumbbell incline hammer curl,upper arms,biceps,dumbbell,free_weight,dumbbell,False,Intermediate,"Arms,Upper,Full Body,Pull",Isolation Pull,False,Upper Body,Anterior,Limbs,3,10,15,7,1,forearms,,,,,
708,322,dumbbell incline inner biceps curl,495,dumbbell incline inner biceps curl,upper arms,biceps,dumbbell,free_weight,dumbbell,False,Intermediate,"Arms,Upper,Full Body,Pull",Isolation Pull,False,Upper Body,Anterior,Limbs,3,10,15,7,1,forearms,,,,,
709,1660,dumbbell kneeling bicep curl exercise ball,518,dumbbell kneeling bicep curl exercise ball,upper arms,biceps,dumbbell,free_weight,dumbbell,False,Intermediate,"Arms,Upper,Full Body,Pull",Isolation Pull,False,Upper Body,Anterior,Limbs,3,10,15,7,1,forearms,,,,,
710,1658,dumbbell lunge with bicep curl,522,dumbbell lunge with bicep curl,upper arms,biceps,dumbbell,free_weight,dumbbell,False,Intermediate,"Arms,Upper,Full Body,Pull",Isolation Pull,False,Upper Body,Anterior,Limbs,3,10,15,6,2,quadriceps,hamstrings,,,,
711,1661,dumbbell lying supine biceps curl,543,dumbbell lying supine biceps curl,upper arms,biceps,dumbbell,free_weight,dumbbell,False,Intermediate,"Arms,Upper,Full Body,Pull",Isolation Pull,False,Upper Body,Anterior,Limbs,3,10,15,7,1,forearms,,,,,
712,350,dumbbell lying supine curl,544,dumbbell lying supine curl,upper arms,biceps,dumbbell,free_weight,dumbbell,False,Intermediate,"Arms,Upper,Full Body,Pull",Isolation Pull,False,Upper Body,Anterior,Limbs,3,10,15,6,1,forearms,,,,,
713,1662,dumbbell lying wide curl,546,dumbbell lying wide curl,upper arms,biceps,dumbbell,free_weight,dumbbell,False,Intermediate,"Arms,Upper,Full Body,Pull",Isolation Pull,False,Upper Body,Anterior,Limbs,3,10,15,6,1,forearms,,,,,
714,353,dumbbell one arm concentration curl (on stability ball),551,dumbbell one arm concentration curl,upper arms,biceps,dumbbell,free_weight,dumbbell,False,Intermediate,"Arms,Upper,Full Body,Pull",Isolation Pull,False,Upper Body,Anterior,Limbs,3,10,15,6,1,forearms,,,,,
715,1663,dumbbell one arm hammer preacher curl,555,dumbbell one arm hammer preacher curl,upper arms,biceps,dumbbell,free_weight,dumbbell,False,Intermediate,"Arms,Upper,Full Body,Pull",Isolation Pull,False,Upper Body,Anterior,Limbs,3,10,15,6,1,forearms,,,,,
716,1665,dumbbell one arm prone curl,562,dumbbell one arm prone curl,upper arms,biceps,dumbbell,free_weight,dumbbell,False,Intermediate,"Arms,Upper,Full Body,Pull",Isolation Pull,False,Upper Body,Anterior,Limbs,3,10,15,5,1,forearms,,,,,
717,1666,dumbbell one arm prone hammer curl,563,dumbbell one arm prone hammer curl,upper arms,biceps,dumbbell,free_weight,dumbbell,False,Intermediate,"Arms,Upper,Full Body,Pull",Isolation Pull,False,Upper Body,Anterior,Limbs,3,10,15,4,1,forearms,,,,,
718,1414,dumbbell one arm reverse preacher curl,568,dumbbell one arm reverse preacher curl,upper arms,biceps,dumbbell,free_weight,dumbbell,False,Intermediate,"Arms,Upper,Full Body,Pull",Isolation Pull,False,Upper Body,Anterior,Limbs,3,10,15,5,1,forearms,,,,,
719,1667,dumbbell one arm reverse spider curl,569,dumbbell one arm reverse spider curl,upper arms,biceps,dumbbell,free_weight,dumbbell,False,Intermediate,"Arms,Upper,Full Body,Pull",Isolation Pull,False,Upper Body,Anterior,Limbs,3,10,15,4,1,forearms,,,,,
720,1668,dumbbell one arm seated bicep curl on exercise ball,570,dumbbell one arm seated bicep curl on exercise ball,upper arms,biceps,dumbbell,free_weight,dumbbell,False,Intermediate,"Arms,Upper,Full Body,Pull",Isolation Pull,False,Upper Body,Anterior,Limbs,3,10,15,5,1,forearms,,,,,
721,1669,dumbbell one arm seated hammer curl,571,dumbbell one arm seated hammer curl,upper arms,biceps,dumbbell,free_weight,dumbbell,False,Intermediate,"Arms,Upper,Full Body,Pull",Isolation Pull,False,Upper Body,Anterior,Limbs,3,10,15,7,1,forearms,,,,,
722,1670,dumbbell one arm standing curl,575,dumbbell one arm standing curl,upper arms,biceps,dumbbell,free_weight,dumbbell,False,Intermediate,"Arms,Upper,Full Body,Pull",Isolation Pull,False,Upper Body,Anterior,Limbs,3,10,15,6,1,forearms,,,,,
723,1671,dumbbell one arm standing hammer curl,576,dumbbell one arm standing hammer curl,upper arms,biceps,dumbbell,free_weight,dumbbell,False,Intermediate,"Arms,Upper,Full Body,Pull",Isolation Pull,False,Upper Body,Anterior,Limbs,3,10,15,7,1,forearms,,,,,
724,1672,dumbbell one arm zottman preacher curl,580,dumbbell one arm zottman preacher curl,upper arms,biceps,dumbbell,free_weight,dumbbell,False,Intermediate,"Arms,Upper,Full Body,Pull",Isolation Pull,False,Upper Body,Anterior,Limbs,3,10,15,6,1,forearms,,,,,
725,365,dumbbell over bench neutral wrist curl,582,dumbbell over bench neutral wrist curl,upper arms,biceps,dumbbell,free_weight,dumbbell,False,Intermediate,"Arms,Upper,Full Body,Pull",Isolation Pull,False,Upper Body,Anterior,Limbs,3,10,15,5,1,forearms,,,,,
726,366,dumbbell over bench one arm neutral wrist curl,583,dumbbell over bench one arm neutral wrist curl,upper arms,biceps,dumbbell,free_weight,dumbbell,False,Intermediate,"Arms,Upper,Full Body,Pull",Isolation Pull,False,Upper Body,Anterior,Limbs,3,10,15,4,1,forearms,,,,,
727,370,dumbbell peacher hammer curl,590,dumbbell peacher hammer curl,upper arms,biceps,dumbbell,free_weight,dumbbell,False,Intermediate,"Arms,Upper,Full Body,Pull",Isolation Pull,False,Upper Body,Anterior,Limbs,3,10,15,8,1,forearms,,,,,
728,372,dumbbell preacher curl,592,dumbbell preacher curl,upper arms,biceps,dumbbell,free_weight,dumbbell,False,Intermediate,"Arms,Upper,Full Body,Pull",Isolation Pull,False,Upper Body,Anterior,Limbs,3,10,15,7,1,forearms,,,,,
729,1673,dumbbell preacher curl over exercise ball,593,dumbbell preacher curl over exercise ball,upper arms,biceps,dumbbell,free_weight,dumbbell,False,Intermediate,"Arms,Upper,Full Body,Pull",Isolation Pull,False,Upper Body,Anterior,Limbs,3,10,15,5,1,forearms,,,,,
730,374,dumbbell prone incline curl,596,dumbbell prone incline curl,upper arms,biceps,dumbbell,free_weight,dumbbell,False,Intermediate,"Arms,Upper,Full Body,Pull",Isolation Pull,False,Upper Body,Anterior,Limbs,3,10,15,8,1,forearms,,,,,
731,1674,dumbbell prone incline hammer curl,597,dumbbell prone incline hammer curl,upper arms,biceps,dumbbell,free_weight,dumbbell,False,Intermediate,"Arms,Upper,Full Body,Pull",Isolation Pull,False,Upper Body,Anterior,Limbs,3,10,15,8,1,forearms,,,,,
732,382,dumbbell revers grip biceps curl,608,dumbbell revers grip biceps curl,upper arms,biceps,dumbbell,free_weight,dumbbell,False,Intermediate,"Arms,Upper,Full Body,Pull",Isolation Pull,False,Upper Body,Anterior,Limbs,3,10,15,6,1,forearms,,,,,
733,384,dumbbell reverse preacher curl,614,dumbbell reverse preacher curl,upper arms,biceps,dumbbell,free_weight,dumbbell,False,Intermediate,"Arms,Upper,Full Body,Pull",Isolation Pull,False,Upper Body,Anterior,Limbs,3,10,15,7,1,forearms,,,,,
734,1675,dumbbell reverse spider curl,615,dumbbell reverse spider curl,upper arms,biceps,dumbbell,free_weight,dumbbell,False,Intermediate,"Arms,Upper,Full Body,Pull",Isolation Pull,False,Upper Body,Anterior,Limbs,3,10,15,6,1,forearms,,,,,
735,1676,dumbbell seated alternate hammer curl on exercise ball,621,dumbbell seated alternate hammer curl on exercise ball,upper arms,biceps,dumbbell,free_weight,dumbbell,False,Intermediate,"Arms,Upper,Full Body,Pull",Isolation Pull,False,Upper Body,Anterior,Limbs,3,10,15,8,1,forearms,,,,,
736,1677,dumbbell seated bicep curl,628,dumbbell seated bicep curl,upper arms,biceps,dumbbell,free_weight,dumbbell,False,Intermediate,"Arms,Upper,Full Body,Pull",Isolation Pull,False,Upper Body,Anterior,Limbs,3,10,15,5,1,forearms,,,,,
737,390,dumbbell seated biceps curl (on stability ball),629,dumbbell seated biceps curl,upper arms,biceps,dumbbell,free_weight,dumbbell,False,Intermediate,"Arms,Upper,Full Body,Pull",Isolation Pull,False,Upper Body,Anterior,Limbs,3,10,15,7,1,forearms,,,,,
738,3547,dumbbell seated biceps curl to shoulder press,630,dumbbell seated biceps curl to shoulder press,upper arms,biceps,dumbbell,free_weight,dumbbell,False,Intermediate,"Arms,Upper,Full Body,Pull",Isolation Pull,False,Upper Body,Anterior,Limbs,3,10,15,7,1,shoulders,,,,,
739,391,dumbbell seated curl,632,dumbbell seated curl,upper arms,biceps,dumbbell,free_weight,dumbbell,False,Intermediate,"Arms,Upper,Full Body,Pull",Isolation Pull,False,Upper Body,Anterior,Limbs,3,10,15,5,1,forearms,,,,,
740,1678,dumbbell seated hammer curl,634,dumbbell seated hammer curl,upper arms,biceps,dumbbell,free_weight,dumbbell,False,Intermediate,"Arms,Upper,Full Body,Pull",Isolation Pull,False,Upper Body,Anterior,Limbs,3,10,15,6,1,forearms,,,,,
741,393,dumbbell seated inner biceps curl,635,dumbbell seated inner biceps curl,upper arms,biceps,dumbbell,free_weight,dumbbell,False,Intermediate,"Arms,Upper,Full Body,Pull",Isolation Pull,False,Upper Body,Anterior,Limbs,3,10,15,5,1,forearms,,,,,
742,397,dumbbell seated neutral wrist curl,638,dumbbell seated neutral wrist curl,upper arms,biceps,dumbbell,free_weight,dumbbell,False,Intermediate,"Arms,Upper,Full Body,Pull",Isolation Pull,False,Upper Body,Anterior,Limbs,3,10,15,5,1,forearms,,,,,
743,1679,dumbbell seated one arm bicep curl on exercise ball with leg raised,639,dumbbell seated one arm bicep curl on exercise ball with leg raised,upper arms,biceps,dumbbell,free_weight,dumbbell,False,Intermediate,"Arms,Upper,Full Body,Pull",Isolation Pull,False,Upper Body,Anterior,Limbs,3,10,15,8,2,forearms,shoulders,,,,
744,402,dumbbell seated preacher curl,646,dumbbell seated preacher curl,upper arms,biceps,dumbbell,free_weight,dumbbell,False,Intermediate,"Arms,Upper,Full Body,Pull",Isolation Pull,False,Upper Body,Anterior,Limbs,3,10,15,5,1,forearms,,,,,
745,403,dumbbell seated revers grip concentration curl,647,dumbbell seated revers grip concentration curl,upper arms,biceps,dumbbell,free_weight,dumbbell,False,Intermediate,"Arms,Upper,Full Body,Pull",Isolation Pull,False,Upper Body,Anterior,Limbs,3,10,15,6,1,forearms,,,,,
746,3560,dumbbell standing alternate hammer curl and press,662,dumbbell standing alternate hammer curl and press,upper arms,biceps,dumbbell,free_weight,dumbbell,False,Intermediate,"Arms,Upper,Full Body,Pull",Isolation Pull,False,Upper Body,Anterior,Limbs,3,10,15,11,2,forearms,shoulders,,,,
747,416,dumbbell standing biceps curl,669,dumbbell standing biceps curl,upper arms,biceps,dumbbell,free_weight,dumbbell,False,Intermediate,"Arms,Upper,Full Body,Pull",Isolation Pull,False,Upper Body,Anterior,Limbs,3,10,15,6,1,forearms,,,,,
748,418,dumbbell standing concentration curl,671,dumbbell standing concentration curl,upper arms,biceps,dumbbell,free_weight,dumbbell,False,Intermediate,"Arms,Upper,Full Body,Pull",Isolation Pull,False,Upper Body,Anterior,Limbs,3,10,15,7,1,forearms,,,,,
749,2321,dumbbell standing inner biceps curl v. 2,673,dumbbell standing inner biceps curl,upper arms,biceps,dumbbell,free_weight,dumbbell,False,Intermediate,"Arms,Upper,Full Body,Pull",Isolation Pull,False,Upper Body,Anterior,Limbs,3,10,15,7,1,forearms,,,,,
750,421,dumbbell standing one arm concentration curl,675,dumbbell standing one arm concentration curl,upper arms,biceps,dumbbell,free_weight,dumbbell,False,Intermediate,"Arms,Upper,Full Body,Pull",Isolation Pull,False,Upper Body,Anterior,Limbs,3,10,15,7,1,forearms,,,,,
751,422,dumbbell standing one arm curl (over incline bench),676,dumbbell standing one arm curl,upper arms,biceps,dumbbell,free_weight,dumbbell,False,Intermediate,"Arms,Upper,Full Body,Pull",Isolation Pull,False,Upper Body,Anterior,Limbs,3,10,15,5,1,forearms,,,,,
752,1680,dumbbell standing one arm curl over incline bench,677,dumbbell standing one arm curl over incline bench,upper arms,biceps,dumbbell,free_weight,dumbbell,False,Intermediate,"Arms,Upper,Full Body,Pull",Isolation Pull,False,Upper Body,Anterior,Limbs,3,10,15,5,1,forearms,,,,,
753,425,dumbbell standing one arm reverse curl,680,dumbbell standing one arm reverse curl,upper arms,biceps,dumbbell,free_weight,dumbbell,False,Intermediate,"Arms,Upper,Full Body,Pull",Isolation Pull,False,Upper Body,Anterior,Limbs,3,10,15,5,1,forearms,,,,,
754,428,dumbbell standing preacher curl,683,dumbbell standing preacher curl,upper arms,biceps,dumbbell,free_weight,dumbbell,False,Intermediate,"Arms,Upper,Full Body,Pull",Isolation Pull,False,Upper Body,Anterior,Limbs,3,10,15,7,1,forearms,,,,,
755,429,dumbbell standing reverse curl,684,dumbbell standing reverse curl,upper arms,biceps,dumbbell,free_weight,dumbbell,False,Intermediate,"Arms,Upper,Full Body,Pull",Isolation Pull,False,Upper Body,Anterior,Limbs,3,10,15,5,1,forearms,,,,,
756,2293,dumbbell standing zottman preacher curl,686,dumbbell standing zottman preacher curl,upper arms,biceps,dumbbell,free_weight,dumbbell,False,Intermediate,"Arms,Upper,Full Body,Pull",Isolation Pull,False,Upper Body,Anterior,Limbs,3,10,15,6,1,forearms,,,,,
757,1684,dumbbell step up single leg balance with bicep curl,687,dumbbell step up single leg balance with bicep curl,upper arms,biceps,dumbbell,free_weight,dumbbell,False,Intermediate,"Arms,Upper,Full Body,Pull",Isolation Pull,False,Upper Body,Anterior,Limbs,3,10,15,7,3,quadriceps,glutes,hamstrings,,,
758,5201,dumbbell waiter biceps curl,701,dumbbell waiter biceps curl,upper arms,biceps,dumbbell,free_weight,dumbbell,False,Intermediate,"Arms,Upper,Full Body,Pull",Isolation Pull,False,Upper Body,Anterior,Limbs,3,10,15,5,2,forearms,shoulders,,,,
759,439,dumbbell zottman curl,703,dumbbell zottman curl,upper arms,biceps,dumbbell,free_weight,dumbbell,False,Intermediate,"Arms,Upper,Full Body,Pull",Isolation Pull,False,Upper Body,Anterior,Limbs,3,10,15,6,1,forearms,,,,,
760,2294,dumbbell zottman preacher curl,704,dumbbell zottman preacher curl,upper arms,biceps,dumbbell,free_weight,dumbbell,False,Intermediate,"Arms,Upper,Full Body,Pull",Isolation Pull,False,Upper Body,Anterior,Limbs,3,10,15,5,1,forearms,,,,,
761,1682,ez bar seated close grip concentration curl,734,ez bar seated close grip concentration curl,upper arms,biceps,ez barbell,free_weight,ez barbell,False,Intermediate,"Arms,Upper,Full Body,Pull",Isolation Pull,False,Upper Body,Anterior,Limbs,3,10,15,5,1,forearms,,,,,
762,1627,ez barbell close grip preacher curl,737,ez barbell close grip preacher curl,upper arms,biceps,ez barbell,free_weight,ez barbell,False,Intermediate,"Arms,Upper,Full Body,Pull",Isolation Pull,False,Upper Body,Anterior,Limbs,3,10,15,6,1,forearms,,,,,
763,446,ez barbell close-grip curl,738,ez barbell close-grip curl,upper arms,biceps,ez barbell,free_weight,ez barbell,False,Intermediate,"Arms,Upper,Full Body,Pull",Isolation Pull,False,Upper Body,Anterior,Limbs,3,10,15,5,1,forearms,,,,,
764,447,ez barbell curl,739,ez barbell curl,upper arms,biceps,ez barbell,free_weight,ez barbell,False,Intermediate,"Arms,Upper,Full Body,Pull",Isolation Pull,False,Upper Body,Anterior,Limbs,3,10,15,5,1,forearms,,,,,
765,451,ez barbell reverse grip curl,744,ez barbell reverse grip curl,upper arms,biceps,ez barbell,free_weight,ez barbell,False,Intermediate,"Arms,Upper,Full Body,Pull",Isolation Pull,False,Upper Body,Anterior,Limbs,3,10,15,7,1,forearms,,,,,
766,452,ez barbell reverse grip preacher curl,745,ez barbell reverse grip preacher curl,upper arms,biceps,ez barbell,free_weight,ez barbell,False,Intermediate,"Arms,Upper,Full Body,Pull",Isolation Pull,False,Upper Body,Anterior,Limbs,3,10,15,6,1,forearms,,,,,
767,1458,ez barbell seated curls,746,ez barbell seated curls,upper arms,biceps,ez barbell,free_weight,ez barbell,False,Intermediate,"Arms,Upper,Full Body,Pull",Isolation Pull,False,Upper Body,Anterior,Limbs,3,10,15,7,1,forearms,,,,,
768,454,ez barbell spider curl,748,ez barbell spider curl,upper arms,biceps,ez barbell,free_weight,ez barbell,False,Intermediate,"Arms,Upper,Full Body,Pull",Isolation Pull,False,Upper Body,Anterior,Limbs,3,10,15,6,1,forearms,,,,,
769,2404,ez-bar biceps curl (with arm blaster),749,ez-bar biceps curl,upper arms,biceps,ez barbell,free_weight,ez barbell,False,Intermediate,"Arms,Upper,Full Body,Pull",Isolation Pull,False,Upper Body,Anterior,Limbs,3,10,15,6,1,forearms,,,,,
770,2741,ez-barbell standing wide grip biceps curl,751,ez-barbell standing wide grip biceps curl,upper arms,biceps,ez barbell,free_weight,ez barbell,False,Intermediate,"Arms,Upper,Full Body,Pull",Isolation Pull,False,Upper Body,Anterior,Limbs,3,10,15,5,1,forearms,,,,,
771,525,kettlebell bottoms up clean from the hang position,829,kettlebell bottoms up clean from the hang position,upper arms,biceps,kettlebell,free_weight,kettlebell,False,Intermediate,"Arms,Upper,Full Body,Pull",Isolation Pull,False,Upper Body,Anterior,Limbs,3,10,15,8,2,forearms,shoulders,,,,
772,526,kettlebell double alternating hang clean,830,kettlebell double alternating hang clean,upper arms,biceps,kettlebell,free_weight,kettlebell,False,Intermediate,"Arms,Upper,Full Body,Pull",Isolation Pull,False,Upper Body,Anterior,Limbs,3,10,15,7,2,forearms,shoulders,,,,
773,575,lever bicep curl,884,lever bicep curl,upper arms,biceps,leverage machine,machine,leverage machine,True,Intermediate,"Arms,Upper,Full Body,Pull",Isolation Pull,False,Upper Body,Anterior,Limbs,3,10,15,6,1,forearms,,,,,
774,1615,lever hammer grip preacher curl,893,lever hammer grip preacher curl,upper arms,biceps,leverage machine,machine,leverage machine,True,Intermediate,"Arms,Upper,Full Body,Pull",Isolation Pull,False,Upper Body,Anterior,Limbs,3,10,15,7,1,forearms,,,,,
775,592,lever preacher curl,911,lever preacher curl,upper arms,biceps,leverage machine,machine,leverage machine,True,Intermediate,"Arms,Upper,Full Body,Pull",Isolation Pull,False,Upper Body,Anterior,Limbs,3,10,15,7,1,forearms,,,,,
776,1614,lever preacher curl v. 2,911,lever preacher curl,upper arms,biceps,leverage machine,machine,leverage machine,True,Intermediate,"Arms,Upper,Full Body,Pull",Isolation Pull,False,Upper Body,Anterior,Limbs,3,10,15,6,1,forearms,,,,,
777,1616,lever reverse grip preacher curl,914,lever reverse grip preacher curl,upper arms,biceps,leverage machine,machine,leverage machine,True,Intermediate,"Arms,Upper,Full Body,Pull",Isolation Pull,False,Upper Body,Anterior,Limbs,3,10,15,7,1,forearms,,,,,
778,636,olympic barbell hammer curl,972,olympic barbell hammer curl,upper arms,biceps,olympic barbell,free_weight,olympic barbell,False,Intermediate,"Arms,Upper,Full Body,Pull",Isolation Pull,False,Upper Body,Anterior,Limbs,3,10,15,7,1,forearms,,,,,
779,3123,resistance band seated biceps curl,1021,resistance band seated biceps curl,upper arms,biceps,resistance band,bands,resistance band,False,Intermediate,"Arms,Upper,Full Body,Pull",Isolation Pull,False,Upper Body,Anterior,Limbs,3,10,15,6,1,forearms,,,,,
780,1683,smith machine bicep curl,1121,smith machine bicep curl,upper arms,biceps,smith machine,machine,smith machine,True,Intermediate,"Arms,Upper,Full Body,Pull",Isolation Pull,False,Upper Body,Anterior,Limbs,3,10,15,8,1,forearms,,,,,
781,847,weighted seated bicep curl (on stability ball),1226,weighted seated bicep curl,upper arms,biceps,medicine ball,medicine_ball,medicine ball,False,Intermediate,"Arms,Upper,Full Body,Pull",Isolation Pull,False,Upper Body,Anterior,Limbs,3,10,15,6,1,forearms,,,,,
782,853,weighted standing curl,1231,weighted standing curl,upper arms,biceps,weighted,other,weighted,False,Intermediate,"Arms,Upper,Full Body,Pull",Isolation Pull,False,Upper Body,Anterior,Limbs,3,10,15,4,1,forearms,,,,,
783,18,assisted standing triceps extension (with towel),32,assisted standing triceps extension,upper arms,triceps,assisted,assisted,assisted,False,Intermediate,"Arms,Upper,Full Body,Push",Isolation Push,False,Upper Body,Posterior,Limbs,3,10,15,5,1,shoulders,,,,,
784,19,assisted triceps dip (kneeling),33,assisted triceps dip,upper arms,triceps,leverage machine,machine,leverage machine,True,Intermediate,"Arms,Upper,Full Body,Push",Isolation Push,False,Upper Body,Posterior,Limbs,3,10,15,5,2,chest,shoulders,,,,
785,975,band close-grip push-up,50,band close-grip push-up,upper arms,triceps,band,bands,band,False,Intermediate,"Arms,Upper,Full Body,Push",Isolation Push,False,Upper Body,Posterior,Limbs,3,10,15,5,2,chest,shoulders,,,,
786,998,band side triceps extension,76,band side triceps extension,upper arms,triceps,band,bands,band,False,Intermediate,"Arms,Upper,Full Body,Push",Isolation Push,False,Upper Body,Posterior,Limbs,3,10,15,5,1,shoulders,,,,,
787,30,barbell close-grip bench press,105,barbell close-grip bench press,upper arms,triceps,barbell,free_weight,barbell,False,Intermediate,"Arms,Upper,Full Body,Push",Isolation Push,False,Upper Body,Posterior,Limbs,3,10,15,6,2,chest,shoulders,,,,
788,35,barbell decline close grip to skull press,110,barbell decline close grip to skull press,upper arms,triceps,barbell,free_weight,barbell,False,Intermediate,"Arms,Upper,Full Body,Push",Isolation Push,False,Upper Body,Posterior,Limbs,3,10,15,4,2,chest,shoulders,,,,
789,1719,barbell incline close grip bench press,129,barbell incline close grip bench press,upper arms,triceps,barbell,free_weight,barbell,False,Intermediate,"Arms,Upper,Full Body,Push",Isolation Push,False,Upper Body,Posterior,Limbs,3,10,15,7,2,chest,shoulders,,,,
790,48,barbell incline reverse-grip press,130,barbell incline reverse-grip press,upper arms,triceps,barbell,free_weight,barbell,False,Intermediate,"Arms,Upper,Full Body,Push",Isolation Push,False,Upper Body,Posterior,Limbs,3,10,15,5,2,chest,shoulders,,,,
791,52,barbell jm bench press,134,barbell jm bench press,upper arms,triceps,barbell,free_weight,barbell,False,Intermediate,"Arms,Upper,Full Body,Push",Isolation Push,False,Upper Body,Posterior,Limbs,3,10,15,5,2,chest,shoulders,,,,
792,1720,barbell lying back of the head tricep extension,139,barbell lying back of the head tricep extension,upper arms,triceps,barbell,free_weight,barbell,False,Intermediate,"Arms,Upper,Full Body,Push",Isolation Push,False,Upper Body,Posterior,Limbs,3,10,15,5,1,shoulders,,,,,
793,55,barbell lying close-grip press,140,barbell lying close-grip press,upper arms,triceps,barbell,free_weight,barbell,False,Intermediate,"Arms,Upper,Full Body,Push",Isolation Push,False,Upper Body,Posterior,Limbs,3,10,15,6,2,chest,shoulders,,,,
794,56,barbell lying close-grip triceps extension,141,barbell lying close-grip triceps extension,upper arms,triceps,barbell,free_weight,barbell,False,Intermediate,"Arms,Upper,Full Body,Push",Isolation Push,False,Upper Body,Posterior,Limbs,3,10,15,6,1,shoulders,,,,,
795,57,barbell lying extension,142,barbell lying extension,upper arms,triceps,barbell,free_weight,barbell,False,Intermediate,"Arms,Upper,Full Body,Push",Isolation Push,False,Upper Body,Posterior,Limbs,3,10,15,5,1,shoulders,,,,,
796,61,barbell lying triceps extension,145,barbell lying triceps extension,upper arms,triceps,barbell,free_weight,barbell,False,Intermediate,"Arms,Upper,Full Body,Push",Isolation Push,False,Upper Body,Posterior,Limbs,3,10,15,5,1,shoulders,,,,,
797,60,barbell lying triceps extension skull crusher,146,barbell lying triceps extension skull crusher,upper arms,triceps,barbell,free_weight,barbell,False,Intermediate,"Arms,Upper,Full Body,Push",Isolation Push,False,Upper Body,Posterior,Limbs,3,10,15,5,1,shoulders,,,,,
798,65,barbell one arm floor press,149,barbell one arm floor press,upper arms,triceps,barbell,free_weight,barbell,False,Intermediate,"Arms,Upper,Full Body,Push",Isolation Push,False,Upper Body,Posterior,Limbs,3,10,15,5,2,chest,shoulders,,,,
799,1751,barbell pin presses,157,barbell pin presses,upper arms,triceps,barbell,free_weight,barbell,False,Intermediate,"Arms,Upper,Full Body,Push",Isolation Push,False,Upper Body,Posterior,Limbs,3,10,15,8,1,shoulders,,,,,
800,2187,barbell reverse close-grip bench press,168,barbell reverse close-grip bench press,upper arms,triceps,barbell,free_weight,barbell,False,Intermediate,"Arms,Upper,Full Body,Push",Isolation Push,False,Upper Body,Posterior,Limbs,3,10,15,7,2,chest,shoulders,,,,
801,1721,barbell reverse grip skullcrusher,174,barbell reverse grip skullcrusher,upper arms,triceps,barbell,free_weight,barbell,False,Intermediate,"Arms,Upper,Full Body,Push",Isolation Push,False,Upper Body,Posterior,Limbs,3,10,15,6,1,forearms,,,,,
802,1718,barbell seated close grip behind neck triceps extension,183,barbell seated close grip behind neck triceps extension,upper arms,triceps,barbell,free_weight,barbell,False,Intermediate,"Arms,Upper,Full Body,Push",Isolation Push,False,Upper Body,Posterior,Limbs,3,10,15,5,1,shoulders,,,,,
803,92,barbell seated overhead triceps extension,187,barbell seated overhead triceps extension,upper arms,triceps,barbell,free_weight,barbell,False,Intermediate,"Arms,Upper,Full Body,Push",Isolation Push,False,Upper Body,Posterior,Limbs,3,10,15,5,1,shoulders,,,,,
804,109,barbell standing overhead triceps extension,209,barbell standing overhead triceps extension,upper arms,triceps,barbell,free_weight,barbell,False,Intermediate,"Arms,Upper,Full Body,Push",Isolation Push,False,Upper Body,Posterior,Limbs,3,10,15,5,1,shoulders,,,,,
805,129,bench dip (knees bent),232,bench dip,upper arms,triceps,body weight,bodyweight,body weight,False,Intermediate,"Arms,Upper,Full Body,Push",Isolation Push,False,Upper Body,Posterior,Limbs,3,10,15,5,2,chest,shoulders,,,,
806,1399,bench dip on floor,233,bench dip on floor,upper arms,triceps,body weight,bodyweight,body weight,False,Intermediate,"Arms,Upper,Full Body,Push",Isolation Push,False,Upper Body,Posterior,Limbs,3,10,15,5,2,chest,shoulders,,,,
807,137,body-up,240,body-up,upper arms,triceps,body weight,bodyweight,body weight,False,Intermediate,"Arms,Upper,Full Body,Push",Isolation Push,False,Upper Body,Posterior,Limbs,3,10,15,5,2,chest,shoulders,,,,
808,1771,bodyweight kneeling triceps extension,243,bodyweight kneeling triceps extension,upper arms,triceps,body weight,bodyweight,body weight,False,Intermediate,"Arms,Upper,Full Body,Push",Isolation Push,False,Upper Body,Posterior,Limbs,3,10,15,6,2,shoulders,chest,,,,
809,149,cable alternate triceps extension,258,cable alternate triceps extension,upper arms,triceps,cable,cable,cable,True,Intermediate,"Arms,Upper,Full Body,Push",Isolation Push,False,Upper Body,Posterior,Limbs,3,10,15,6,1,shoulders,,,,,
810,152,cable concentration extension (on knee),264,cable concentration extension,upper arms,triceps,cable,cable,cable,True,Intermediate,"Arms,Upper,Full Body,Push",Isolation Push,False,Upper Body,Posterior,Limbs,3,10,15,5,1,forearms,,,,,
811,1722,cable high pulley overhead tricep extension,280,cable high pulley overhead tricep extension,upper arms,triceps,cable,cable,cable,True,Intermediate,"Arms,Upper,Full Body,Push",Isolation Push,False,Upper Body,Posterior,Limbs,3,10,15,6,1,shoulders,,,,,
812,173,cable incline triceps extension,287,cable incline triceps extension,upper arms,triceps,cable,cable,cable,True,Intermediate,"Arms,Upper,Full Body,Push",Isolation Push,False,Upper Body,Posterior,Limbs,3,10,15,8,1,shoulders,,,,,
813,860,cable kickback,289,cable kickback,upper arms,triceps,cable,cable,cable,True,Intermediate,"Arms,Upper,Full Body,Push",Isolation Push,False,Upper Body,Posterior,Limbs,3,10,15,7,1,shoulders,,,,,
814,176,cable kneeling triceps extension,292,cable kneeling triceps extension,upper arms,triceps,cable,cable,cable,True,Intermediate,"Arms,Upper,Full Body,Push",Isolation Push,False,Upper Body,Posterior,Limbs,3,10,15,6,1,shoulders,,,,,
815,186,cable lying triceps extension v. 2,303,cable lying triceps extension,upper arms,triceps,cable,cable,cable,True,Intermediate,"Arms,Upper,Full Body,Push",Isolation Push,False,Upper Body,Posterior,Limbs,3,10,15,6,1,shoulders,,,,,
816,1723,cable one arm tricep pushdown,319,cable one arm tricep pushdown,upper arms,triceps,cable,cable,cable,True,Intermediate,"Arms,Upper,Full Body,Push",Isolation Push,False,Upper Body,Posterior,Limbs,3,10,15,8,1,forearms,,,,,
817,194,cable overhead triceps extension (rope attachment),322,cable overhead triceps extension,upper arms,triceps,cable,cable,cable,True,Intermediate,"Arms,Upper,Full Body,Push",Isolation Push,False,Upper Body,Posterior,Limbs,3,10,15,7,1,shoulders,,,,,
818,201,cable pushdown,329,cable pushdown,upper arms,triceps,cable,cable,cable,True,Intermediate,"Arms,Upper,Full Body,Push",Isolation Push,False,Upper Body,Posterior,Limbs,3,10,15,7,1,forearms,,,,,
819,200,cable pushdown (with rope attachment),329,cable pushdown,upper arms,triceps,cable,cable,cable,True,Intermediate,"Arms,Upper,Full Body,Push",Isolation Push,False,Upper Body,Posterior,Limbs,3,10,15,7,1,forearms,,,,,
820,204,cable rear drive,331,cable rear drive,upper arms,triceps,cable,cable,cable,True,Intermediate,"Arms,Upper,Full Body,Push",Isolation Push,False,Upper Body,Posterior,Limbs,3,10,15,4,2,shoulders,back,,,,
821,2406,cable reverse grip triceps pushdown (sz-bar) (with arm blaster),335,cable reverse grip triceps pushdown,upper arms,triceps,cable,cable,cable,True,Intermediate,"Arms,Upper,Full Body,Push",Isolation Push,False,Upper Body,Posterior,Limbs,3,10,15,7,1,forearms,,,,,
822,207,cable reverse-grip pushdown,339,cable reverse-grip pushdown,upper arms,triceps,cable,cable,cable,True,Intermediate,"Arms,Upper,Full Body,Push",Isolation Push,False,Upper Body,Posterior,Limbs,3,10,15,7,1,forearms,,,,,
823,1724,cable rope high pulley overhead tricep extension,345,cable rope high pulley overhead tricep extension,upper arms,triceps,cable,cable,cable,True,Intermediate,"Arms,Upper,Full Body,Push",Isolation Push,False,Upper Body,Posterior,Limbs,3,10,15,7,1,shoulders,,,,,
824,1725,cable rope incline tricep extension,346,cable rope incline tricep extension,upper arms,triceps,cable,cable,cable,True,Intermediate,"Arms,Upper,Full Body,Push",Isolation Push,False,Upper Body,Posterior,Limbs,3,10,15,7,1,shoulders,,,,,
825,1726,cable rope lying on floor tricep extension,347,cable rope lying on floor tricep extension,upper arms,triceps,cable,cable,cable,True,Intermediate,"Arms,Upper,Full Body,Push",Isolation Push,False,Upper Body,Posterior,Limbs,3,10,15,6,1,shoulders,,,,,
826,231,cable standing one arm triceps extension,378,cable standing one arm triceps extension,upper arms,triceps,cable,cable,cable,True,Intermediate,"Arms,Upper,Full Body,Push",Isolation Push,False,Upper Body,Posterior,Limbs,3,10,15,6,1,shoulders,,,,,
827,1727,cable standing reverse grip one arm overhead tricep extension,382,cable standing reverse grip one arm overhead tricep extension,upper arms,triceps,cable,cable,cable,True,Intermediate,"Arms,Upper,Full Body,Push",Isolation Push,False,Upper Body,Posterior,Limbs,3,10,15,5,1,shoulders,,,,,
828,241,cable triceps pushdown (v-bar),391,cable triceps pushdown,upper arms,triceps,cable,cable,cable,True,Intermediate,"Arms,Upper,Full Body,Push",Isolation Push,False,Upper Body,Posterior,Limbs,3,10,15,8,1,forearms,,,,,
829,2405,cable triceps pushdown (v-bar) (with arm blaster),391,cable triceps pushdown,upper arms,triceps,cable,cable,cable,True,Intermediate,"Arms,Upper,Full Body,Push",Isolation Push,False,Upper Body,Posterior,Limbs,3,10,15,8,1,forearms,,,,,
830,1728,cable two arm tricep kickback,396,cable two arm tricep kickback,upper arms,triceps,cable,cable,cable,True,Intermediate,"Arms,Upper,Full Body,Push",Isolation Push,False,Upper Body,Posterior,Limbs,3,10,15,5,1,shoulders,,,,,
831,259,close-grip push-up,420,close-grip push-up,upper arms,triceps,body weight,bodyweight,body weight,False,Intermediate,"Arms,Upper,Full Body,Push",Isolation Push,False,Upper Body,Posterior,Limbs,3,10,15,4,2,chest,shoulders,,,,
832,2398,close-grip push-up (on knees),420,close-grip push-up,upper arms,triceps,body weight,bodyweight,body weight,False,Intermediate,"Arms,Upper,Full Body,Push",Isolation Push,False,Upper Body,Posterior,Limbs,3,10,15,5,2,chest,shoulders,,,,
833,283,diamond push-up,434,diamond push-up,upper arms,triceps,body weight,bodyweight,body weight,False,Intermediate,"Arms,Upper,Full Body,Push",Isolation Push,False,Upper Body,Posterior,Limbs,3,10,15,5,2,chest,shoulders,,,,
834,1731,dumbbell close grip press,459,dumbbell close grip press,upper arms,triceps,dumbbell,free_weight,dumbbell,False,Intermediate,"Arms,Upper,Full Body,Push",Isolation Push,False,Upper Body,Posterior,Limbs,3,10,15,6,2,chest,shoulders,,,,
835,296,dumbbell close-grip press,460,dumbbell close-grip press,upper arms,triceps,dumbbell,free_weight,dumbbell,False,Intermediate,"Arms,Upper,Full Body,Push",Isolation Push,False,Upper Body,Posterior,Limbs,3,10,15,6,2,chest,shoulders,,,,
836,1617,dumbbell decline one arm hammer press,470,dumbbell decline one arm hammer press,upper arms,triceps,dumbbell,free_weight,dumbbell,False,Intermediate,"Arms,Upper,Full Body,Push",Isolation Push,False,Upper Body,Posterior,Limbs,3,10,15,5,2,chest,shoulders,,,,
837,306,dumbbell decline triceps extension,472,dumbbell decline triceps extension,upper arms,triceps,dumbbell,free_weight,dumbbell,False,Intermediate,"Arms,Upper,Full Body,Push",Isolation Push,False,Upper Body,Posterior,Limbs,3,10,15,5,1,shoulders,,,,,
838,1732,dumbbell forward lunge triceps extension,477,dumbbell forward lunge triceps extension,upper arms,triceps,dumbbell,free_weight,dumbbell,False,Intermediate,"Arms,Upper,Full Body,Push",Isolation Push,False,Upper Body,Posterior,Limbs,3,10,15,7,2,shoulders,core,,,,
839,1618,dumbbell incline hammer press on exercise ball,494,dumbbell incline hammer press on exercise ball,upper arms,triceps,dumbbell,free_weight,dumbbell,False,Intermediate,"Arms,Upper,Full Body,Push",Isolation Push,False,Upper Body,Posterior,Limbs,3,10,15,7,2,chest,shoulders,,,,
840,1619,dumbbell incline one arm hammer press,498,dumbbell incline one arm hammer press,upper arms,triceps,dumbbell,free_weight,dumbbell,False,Intermediate,"Arms,Upper,Full Body,Push",Isolation Push,False,Upper Body,Posterior,Limbs,3,10,15,6,2,shoulders,chest,,,,
841,1620,dumbbell incline one arm hammer press on exercise ball,499,dumbbell incline one arm hammer press on exercise ball,upper arms,triceps,dumbbell,free_weight,dumbbell,False,Intermediate,"Arms,Upper,Full Body,Push",Isolation Push,False,Upper Body,Posterior,Limbs,3,10,15,6,2,shoulders,chest,,,,
842,330,dumbbell incline triceps extension,511,dumbbell incline triceps extension,upper arms,triceps,dumbbell,free_weight,dumbbell,False,Intermediate,"Arms,Upper,Full Body,Push",Isolation Push,False,Upper Body,Posterior,Limbs,3,10,15,5,1,shoulders,,,,,
843,1733,dumbbell incline two arm extension,513,dumbbell incline two arm extension,upper arms,triceps,dumbbell,free_weight,dumbbell,False,Intermediate,"Arms,Upper,Full Body,Push",Isolation Push,False,Upper Body,Posterior,Limbs,3,10,15,5,1,shoulders,,,,,
844,333,dumbbell kickback,516,dumbbell kickback,upper arms,triceps,dumbbell,free_weight,dumbbell,False,Intermediate,"Arms,Upper,Full Body,Push",Isolation Push,False,Upper Body,Posterior,Limbs,3,10,15,6,1,shoulders,,,,,
845,1734,dumbbell kickbacks on exercise ball,517,dumbbell kickbacks on exercise ball,upper arms,triceps,dumbbell,free_weight,dumbbell,False,Intermediate,"Arms,Upper,Full Body,Push",Isolation Push,False,Upper Body,Posterior,Limbs,3,10,15,5,2,shoulders,back,,,,
846,1729,dumbbell lying alternate extension,524,dumbbell lying alternate extension,upper arms,triceps,dumbbell,free_weight,dumbbell,False,Intermediate,"Arms,Upper,Full Body,Push",Isolation Push,False,Upper Body,Posterior,Limbs,3,10,15,5,1,shoulders,,,,,
847,338,dumbbell lying elbow press,525,dumbbell lying elbow press,upper arms,triceps,dumbbell,free_weight,dumbbell,False,Intermediate,"Arms,Upper,Full Body,Push",Isolation Push,False,Upper Body,Posterior,Limbs,3,10,15,4,2,chest,shoulders,,,,
848,337,dumbbell lying extension (across face),523,dumbbell lying extension,upper arms,triceps,dumbbell,free_weight,dumbbell,False,Intermediate,"Arms,Upper,Full Body,Push",Isolation Push,False,Upper Body,Posterior,Limbs,3,10,15,5,1,shoulders,,,,,
849,344,dumbbell lying one arm pronated triceps extension,532,dumbbell lying one arm pronated triceps extension,upper arms,triceps,dumbbell,free_weight,dumbbell,False,Intermediate,"Arms,Upper,Full Body,Push",Isolation Push,False,Upper Body,Posterior,Limbs,3,10,15,5,1,shoulders,,,,,
850,346,dumbbell lying one arm supinated triceps extension,534,dumbbell lying one arm supinated triceps extension,upper arms,triceps,dumbbell,free_weight,dumbbell,False,Intermediate,"Arms,Upper,Full Body,Push",Isolation Push,False,Upper Body,Posterior,Limbs,3,10,15,5,1,forearms,,,,,
851,1735,dumbbell lying single extension,540,dumbbell lying single extension,upper arms,triceps,dumbbell,free_weight,dumbbell,False,Intermediate,"Arms,Upper,Full Body,Push",Isolation Push,False,Upper Body,Posterior,Limbs,3,10,15,4,1,shoulders,,,,,
852,351,dumbbell lying triceps extension,545,dumbbell lying triceps extension,upper arms,triceps,dumbbell,free_weight,dumbbell,False,Intermediate,"Arms,Upper,Full Body,Push",Isolation Push,False,Upper Body,Posterior,Limbs,3,10,15,5,1,shoulders,,,,,
853,352,dumbbell neutral grip bench press,547,dumbbell neutral grip bench press,upper arms,triceps,dumbbell,free_weight,dumbbell,False,Intermediate,"Arms,Upper,Full Body,Push",Isolation Push,False,Upper Body,Posterior,Limbs,3,10,15,5,2,chest,shoulders,,,,
854,1736,dumbbell one arm french press on exercise ball,554,dumbbell one arm french press on exercise ball,upper arms,triceps,dumbbell,free_weight,dumbbell,False,Intermediate,"Arms,Upper,Full Body,Push",Isolation Push,False,Upper Body,Posterior,Limbs,3,10,15,5,1,shoulders,,,,,
855,1621,dumbbell one arm hammer press on exercise ball,556,dumbbell one arm hammer press on exercise ball,upper arms,triceps,dumbbell,free_weight,dumbbell,False,Intermediate,"Arms,Upper,Full Body,Push",Isolation Push,False,Upper Body,Posterior,Limbs,3,10,15,6,2,shoulders,chest,,,,
856,354,dumbbell one arm kickback,558,dumbbell one arm kickback,upper arms,triceps,dumbbell,free_weight,dumbbell,False,Intermediate,"Arms,Upper,Full Body,Push",Isolation Push,False,Upper Body,Posterior,Limbs,3,10,15,6,1,shoulders,,,,,
857,362,dumbbell one arm triceps extension (on bench),577,dumbbell one arm triceps extension,upper arms,triceps,dumbbell,free_weight,dumbbell,False,Intermediate,"Arms,Upper,Full Body,Push",Isolation Push,False,Upper Body,Posterior,Limbs,3,10,15,6,1,shoulders,,,,,
858,1623,dumbbell palms in incline bench press,589,dumbbell palms in incline bench press,upper arms,triceps,dumbbell,free_weight,dumbbell,False,Intermediate,"Arms,Upper,Full Body,Push",Isolation Push,False,Upper Body,Posterior,Limbs,3,10,15,7,2,chest,shoulders,,,,
859,373,dumbbell pronate-grip triceps extension,595,dumbbell pronate-grip triceps extension,upper arms,triceps,dumbbell,free_weight,dumbbell,False,Intermediate,"Arms,Upper,Full Body,Push",Isolation Push,False,Upper Body,Posterior,Limbs,3,10,15,5,1,forearms,,,,,
860,389,dumbbell seated bench extension,624,dumbbell seated bench extension,upper arms,triceps,dumbbell,free_weight,dumbbell,False,Intermediate,"Arms,Upper,Full Body,Push",Isolation Push,False,Upper Body,Posterior,Limbs,3,10,15,5,1,shoulders,,,,,
861,1730,dumbbell seated bent over alternate kickback,626,dumbbell seated bent over alternate kickback,upper arms,triceps,dumbbell,free_weight,dumbbell,False,Intermediate,"Arms,Upper,Full Body,Push",Isolation Push,False,Upper Body,Posterior,Limbs,3,10,15,6,2,shoulders,back,,,,
862,1737,dumbbell seated bent over triceps extension,627,dumbbell seated bent over triceps extension,upper arms,triceps,dumbbell,free_weight,dumbbell,False,Intermediate,"Arms,Upper,Full Body,Push",Isolation Push,False,Upper Body,Posterior,Limbs,3,10,15,5,2,shoulders,back,,,,
863,394,dumbbell seated kickback,636,dumbbell seated kickback,upper arms,triceps,dumbbell,free_weight,dumbbell,False,Intermediate,"Arms,Upper,Full Body,Push",Isolation Push,False,Upper Body,Posterior,Limbs,3,10,15,6,1,shoulders,,,,,
864,398,dumbbell seated one arm kickback,640,dumbbell seated one arm kickback,upper arms,triceps,dumbbell,free_weight,dumbbell,False,Intermediate,"Arms,Upper,Full Body,Push",Isolation Push,False,Upper Body,Posterior,Limbs,3,10,15,5,1,shoulders,,,,,
865,1738,dumbbell seated reverse grip one arm overhead tricep extension,648,dumbbell seated reverse grip one arm overhead tricep extension,upper arms,triceps,dumbbell,free_weight,dumbbell,False,Intermediate,"Arms,Upper,Full Body,Push",Isolation Push,False,Upper Body,Posterior,Limbs,3,10,15,5,1,shoulders,,,,,
866,2188,dumbbell seated triceps extension,650,dumbbell seated triceps extension,upper arms,triceps,dumbbell,free_weight,dumbbell,False,Intermediate,"Arms,Upper,Full Body,Push",Isolation Push,False,Upper Body,Posterior,Limbs,3,10,15,5,1,shoulders,,,,,
867,1739,dumbbell standing alternating tricep kickback,665,dumbbell standing alternating tricep kickback,upper arms,triceps,dumbbell,free_weight,dumbbell,False,Intermediate,"Arms,Upper,Full Body,Push",Isolation Push,False,Upper Body,Posterior,Limbs,3,10,15,5,1,shoulders,,,,,
868,1740,dumbbell standing bent over one arm triceps extension,667,dumbbell standing bent over one arm triceps extension,upper arms,triceps,dumbbell,free_weight,dumbbell,False,Intermediate,"Arms,Upper,Full Body,Push",Isolation Push,False,Upper Body,Posterior,Limbs,3,10,15,5,2,shoulders,back,,,,
869,1741,dumbbell standing bent over two arm triceps extension,668,dumbbell standing bent over two arm triceps extension,upper arms,triceps,dumbbell,free_weight,dumbbell,False,Intermediate,"Arms,Upper,Full Body,Push",Isolation Push,False,Upper Body,Posterior,Limbs,3,10,15,5,2,shoulders,back,,,,
870,420,dumbbell standing kickback,674,dumbbell standing kickback,upper arms,triceps,dumbbell,free_weight,dumbbell,False,Intermediate,"Arms,Upper,Full Body,Push",Isolation Push,False,Upper Body,Posterior,Limbs,3,10,15,5,1,shoulders,,,,,
871,423,dumbbell standing one arm extension,678,dumbbell standing one arm extension,upper arms,triceps,dumbbell,free_weight,dumbbell,False,Intermediate,"Arms,Upper,Full Body,Push",Isolation Push,False,Upper Body,Posterior,Limbs,3,10,15,6,1,shoulders,,,,,
872,430,dumbbell standing triceps extension,685,dumbbell standing triceps extension,upper arms,triceps,dumbbell,free_weight,dumbbell,False,Intermediate,"Arms,Upper,Full Body,Push",Isolation Push,False,Upper Body,Posterior,Limbs,3,10,15,5,1,shoulders,,,,,
873,436,dumbbell tate press,696,dumbbell tate press,upper arms,triceps,dumbbell,free_weight,dumbbell,False,Intermediate,"Arms,Upper,Full Body,Push",Isolation Push,False,Upper Body,Posterior,Limbs,3,10,15,4,1,shoulders,,,,,
874,1742,dumbbell tricep kickback with stork stance,697,dumbbell tricep kickback with stork stance,upper arms,triceps,dumbbell,free_weight,dumbbell,False,Intermediate,"Arms,Upper,Full Body,Push",Isolation Push,False,Upper Body,Posterior,Limbs,3,10,15,6,1,shoulders,,,,,
875,1743,dumbbell twisting bench press,698,dumbbell twisting bench press,upper arms,triceps,dumbbell,free_weight,dumbbell,False,Intermediate,"Arms,Upper,Full Body,Push",Isolation Push,False,Upper Body,Posterior,Limbs,3,10,15,8,2,chest,shoulders,,,,
876,2189,dumbbells seated triceps extension,705,dumbbells seated triceps extension,upper arms,triceps,dumbbell,free_weight,dumbbell,False,Intermediate,"Arms,Upper,Full Body,Push",Isolation Push,False,Upper Body,Posterior,Limbs,3,10,15,5,1,shoulders,,,,,
877,3287,elbow dips,707,elbow dips,upper arms,triceps,body weight,bodyweight,body weight,False,Intermediate,"Arms,Upper,Full Body,Push",Isolation Push,False,Upper Body,Posterior,Limbs,3,10,15,5,2,chest,shoulders,,,,
878,1744,exercise ball dip,716,exercise ball dip,upper arms,triceps,stability ball,bodyweight_stability,stability ball,False,Intermediate,"Arms,Upper,Full Body,Push",Isolation Push,False,Upper Body,Posterior,Limbs,3,10,15,5,2,chest,shoulders,,,,
879,1745,exercise ball seated triceps stretch,728,exercise ball seated triceps stretch,upper arms,triceps,stability ball,bodyweight_stability,stability ball,False,Intermediate,"Arms,Upper,Full Body,Push",Isolation Push,False,Upper Body,Posterior,Limbs,3,10,15,5,1,shoulders,,,,,
880,1746,exercise ball supine triceps extension,729,exercise ball supine triceps extension,upper arms,triceps,dumbbell,free_weight,dumbbell,False,Intermediate,"Arms,Upper,Full Body,Push",Isolation Push,False,Upper Body,Posterior,Limbs,3,10,15,5,1,shoulders,,,,,
881,1747,ez bar french press on exercise ball,730,ez bar french press on exercise ball,upper arms,triceps,ez barbell,free_weight,ez barbell,False,Intermediate,"Arms,Upper,Full Body,Push",Isolation Push,False,Upper Body,Posterior,Limbs,3,10,15,5,1,shoulders,,,,,
882,1748,ez bar lying close grip triceps extension behind head,732,ez bar lying close grip triceps extension behind head,upper arms,triceps,ez barbell,free_weight,ez barbell,False,Intermediate,"Arms,Upper,Full Body,Push",Isolation Push,False,Upper Body,Posterior,Limbs,3,10,15,5,1,shoulders,,,,,
883,1749,ez bar standing french press,735,ez bar standing french press,upper arms,triceps,ez barbell,free_weight,ez barbell,False,Intermediate,"Arms,Upper,Full Body,Push",Isolation Push,False,Upper Body,Posterior,Limbs,3,10,15,5,1,shoulders,,,,,
884,448,ez barbell decline close grip face press,740,ez barbell decline close grip face press,upper arms,triceps,ez barbell,free_weight,ez barbell,False,Intermediate,"Arms,Upper,Full Body,Push",Isolation Push,False,Upper Body,Posterior,Limbs,3,10,15,6,2,chest,shoulders,,,,
885,2186,ez barbell decline triceps extension,741,ez barbell decline triceps extension,upper arms,triceps,ez barbell,free_weight,ez barbell,False,Intermediate,"Arms,Upper,Full Body,Push",Isolation Push,False,Upper Body,Posterior,Limbs,3,10,15,6,1,shoulders,,,,,
886,449,ez barbell incline triceps extension,742,ez barbell incline triceps extension,upper arms,triceps,ez barbell,free_weight,ez barbell,False,Intermediate,"Arms,Upper,Full Body,Push",Isolation Push,False,Upper Body,Posterior,Limbs,3,10,15,6,1,shoulders,,,,,
887,450,ez barbell jm bench press,743,ez barbell jm bench press,upper arms,triceps,ez barbell,free_weight,ez barbell,False,Intermediate,"Arms,Upper,Full Body,Push",Isolation Push,False,Upper Body,Posterior,Limbs,3,10,15,5,2,chest,shoulders,,,,
888,453,ez barbell seated triceps extension,747,ez barbell seated triceps extension,upper arms,triceps,ez barbell,free_weight,ez barbell,False,Intermediate,"Arms,Upper,Full Body,Push",Isolation Push,False,Upper Body,Posterior,Limbs,3,10,15,6,1,shoulders,,,,,
889,2432,ez-bar close-grip bench press,750,ez-bar close-grip bench press,upper arms,triceps,ez barbell,free_weight,ez barbell,False,Intermediate,"Arms,Upper,Full Body,Push",Isolation Push,False,Upper Body,Posterior,Limbs,3,10,15,7,2,chest,shoulders,,,,
890,3302,handstand,783,handstand,upper arms,triceps,body weight,bodyweight,body weight,False,Intermediate,"Arms,Upper,Full Body,Push",Isolation Push,False,Upper Body,Posterior,Limbs,3,10,15,7,2,shoulders,core,,,,
891,471,handstand push-up,784,handstand push-up,upper arms,triceps,body weight,bodyweight,body weight,False,Intermediate,"Arms,Upper,Full Body,Push",Isolation Push,False,Upper Body,Posterior,Limbs,3,10,15,5,3,shoulders,chest,core,,,
892,3289,impossible dips,797,impossible dips,upper arms,triceps,body weight,bodyweight,body weight,False,Intermediate,"Arms,Upper,Full Body,Push",Isolation Push,False,Upper Body,Posterior,Limbs,3,10,15,5,2,chest,shoulders,,,,
893,490,incline close-grip push-up,799,incline close-grip push-up,upper arms,triceps,body weight,bodyweight,body weight,False,Intermediate,"Arms,Upper,Full Body,Push",Isolation Push,False,Upper Body,Posterior,Limbs,3,10,15,5,2,chest,shoulders,,,,
894,591,lever overhand triceps dip,910,lever overhand triceps dip,upper arms,triceps,leverage machine,machine,leverage machine,True,Intermediate,"Arms,Upper,Full Body,Push",Isolation Push,False,Upper Body,Posterior,Limbs,3,10,15,6,2,chest,shoulders,,,,
895,1451,lever seated dip,922,lever seated dip,upper arms,triceps,leverage machine,machine,leverage machine,True,Intermediate,"Arms,Upper,Full Body,Push",Isolation Push,False,Upper Body,Posterior,Limbs,3,10,15,5,2,chest,shoulders,,,,
896,607,lever triceps extension,938,lever triceps extension,upper arms,triceps,leverage machine,machine,leverage machine,True,Intermediate,"Arms,Upper,Full Body,Push",Isolation Push,False,Upper Body,Posterior,Limbs,3,10,15,5,1,shoulders,,,,,
897,1701,medicine ball close grip push up,957,medicine ball close grip push up,upper arms,triceps,medicine ball,medicine_ball,medicine ball,False,Intermediate,"Arms,Upper,Full Body,Push",Isolation Push,False,Upper Body,Posterior,Limbs,3,10,15,4,2,chest,shoulders,,,,
898,1750,medicine ball supine chest throw,959,medicine ball supine chest throw,upper arms,triceps,medicine ball,medicine_ball,medicine ball,False,Intermediate,"Arms,Upper,Full Body,Push",Isolation Push,False,Upper Body,Posterior,Limbs,3,10,15,5,2,chest,shoulders,,,,
899,2328,narrow push-up on exercise ball,967,narrow push-up on exercise ball,upper arms,triceps,stability ball,bodyweight_stability,stability ball,False,Intermediate,"Arms,Upper,Full Body,Push",Isolation Push,False,Upper Body,Posterior,Limbs,3,10,15,5,2,chest,shoulders,,,,
900,637,olympic barbell triceps extension,973,olympic barbell triceps extension,upper arms,triceps,olympic barbell,free_weight,olympic barbell,False,Intermediate,"Arms,Upper,Full Body,Push",Isolation Push,False,Upper Body,Posterior,Limbs,3,10,15,5,1,shoulders,,,,,
901,639,one arm dip,976,one arm dip,upper arms,triceps,body weight,bodyweight,body weight,False,Intermediate,"Arms,Upper,Full Body,Push",Isolation Push,False,Upper Body,Posterior,Limbs,3,10,15,6,2,chest,shoulders,,,,
902,643,overhead triceps stretch,984,overhead triceps stretch,upper arms,triceps,body weight,bodyweight,body weight,False,Intermediate,"Arms,Upper,Full Body,Push",Isolation Push,False,Upper Body,Posterior,Limbs,3,10,15,5,1,shoulders,,,,,
903,660,push-up close-grip off dumbbell,1005,push-up close-grip off dumbbell,upper arms,triceps,dumbbell,free_weight,dumbbell,False,Intermediate,"Arms,Upper,Full Body,Push",Isolation Push,False,Upper Body,Posterior,Limbs,3,10,15,5,2,chest,shoulders,,,,
904,1467,push-up on lower arms,1008,push-up on lower arms,upper arms,triceps,body weight,bodyweight,body weight,False,Intermediate,"Arms,Upper,Full Body,Push",Isolation Push,False,Upper Body,Posterior,Limbs,3,10,15,5,2,chest,shoulders,,,,
905,672,reverse dip,1027,reverse dip,upper arms,triceps,body weight,bodyweight,body weight,False,Intermediate,"Arms,Upper,Full Body,Push",Isolation Push,False,Upper Body,Posterior,Limbs,3,10,15,4,2,chest,shoulders,,,,
906,677,ring dips,1033,ring dips,upper arms,triceps,body weight,bodyweight,body weight,False,Intermediate,"Arms,Upper,Full Body,Push",Isolation Push,False,Upper Body,Posterior,Limbs,3,10,15,4,2,chest,shoulders,,,,
907,717,side push-up,1073,side push-up,upper arms,triceps,body weight,bodyweight,body weight,False,Intermediate,"Arms,Upper,Full Body,Push",Isolation Push,False,Upper Body,Posterior,Limbs,3,10,15,6,3,shoulders,chest,core,,,
908,2142,ski ergometer,1086,ski ergometer,upper arms,triceps,skierg machine,machine,skierg machine,True,Intermediate,"Arms,Upper,Full Body,Push",Isolation Push,False,Upper Body,Posterior,Limbs,3,10,15,7,2,shoulders,forearms,,,,
909,751,smith close-grip bench press,1108,smith close-grip bench press,upper arms,triceps,smith machine,machine,smith machine,True,Intermediate,"Arms,Upper,Full Body,Push",Isolation Push,False,Upper Body,Posterior,Limbs,3,10,15,5,2,chest,shoulders,,,,
910,1625,smith machine decline close grip bench press,1122,smith machine decline close grip bench press,upper arms,triceps,smith machine,machine,smith machine,True,Intermediate,"Arms,Upper,Full Body,Push",Isolation Push,False,Upper Body,Posterior,Limbs,3,10,15,7,2,chest,shoulders,,,,
911,1752,smith machine incline tricep extension,1123,smith machine incline tricep extension,upper arms,triceps,smith machine,machine,smith machine,True,Intermediate,"Arms,Upper,Full Body,Push",Isolation Push,False,Upper Body,Posterior,Limbs,3,10,15,7,1,shoulders,,,,,
912,3291,stalder press,1161,stalder press,upper arms,triceps,body weight,bodyweight,body weight,False,Intermediate,"Arms,Upper,Full Body,Push",Isolation Push,False,Upper Body,Posterior,Limbs,3,10,15,6,2,shoulders,core,,,,
913,1753,three bench dip,1186,three bench dip,upper arms,triceps,body weight,bodyweight,body weight,False,Intermediate,"Arms,Upper,Full Body,Push",Isolation Push,False,Upper Body,Posterior,Limbs,3,10,15,5,2,chest,shoulders,,,,
914,814,triceps dip,1189,triceps dip,upper arms,triceps,body weight,bodyweight,body weight,False,Intermediate,"Arms,Upper,Full Body,Push",Isolation Push,False,Upper Body,Posterior,Limbs,3,10,15,5,2,chest,shoulders,,,,
915,812,triceps dip (bench leg),1189,triceps dip,upper arms,triceps,body weight,bodyweight,body weight,False,Intermediate,"Arms,Upper,Full Body,Push",Isolation Push,False,Upper Body,Posterior,Limbs,3,10,15,5,2,chest,shoulders,,,,
916,813,triceps dip (between benches),1189,triceps dip,upper arms,triceps,body weight,bodyweight,body weight,False,Intermediate,"Arms,Upper,Full Body,Push",Isolation Push,False,Upper Body,Posterior,Limbs,3,10,15,5,2,chest,shoulders,,,,
917,815,triceps dips floor,1190,triceps dips floor,upper arms,triceps,body weight,bodyweight,body weight,False,Intermediate,"Arms,Upper,Full Body,Push",Isolation Push,False,Upper Body,Posterior,Limbs,3,10,15,6,2,chest,shoulders,,,,
918,816,triceps press,1191,triceps press,upper arms,triceps,body weight,bodyweight,body weight,False,Intermediate,"Arms,Upper,Full Body,Push",Isolation Push,False,Upper Body,Posterior,Limbs,3,10,15,5,1,shoulders,,,,,
919,817,triceps stretch,1192,triceps stretch,upper arms,triceps,body weight,bodyweight,body weight,False,Intermediate,"Arms,Upper,Full Body,Push",Isolation Push,False,Upper Body,Posterior,Limbs,3,10,15,5,1,shoulders,,,,,
920,830,weighted bench dip,1207,weighted bench dip,upper arms,triceps,weighted,other,weighted,False,Intermediate,"Arms,Upper,Full Body,Push",Isolation Push,False,Upper Body,Posterior,Limbs,3,10,15,5,2,chest,shoulders,,,,
921,1754,weighted three bench dips,1236,weighted three bench dips,upper arms,triceps,weighted,other,weighted,False,Intermediate,"Arms,Upper,Full Body,Push",Isolation Push,False,Upper Body,Posterior,Limbs,3,10,15,5,2,chest,shoulders,,,,
922,1755,weighted tricep dips,1237,weighted tricep dips,upper arms,triceps,weighted,other,weighted,False,Intermediate,"Arms,Upper,Full Body,Push",Isolation Push,False,Upper Body,Posterior,Limbs,3,10,15,6,2,chest,shoulders,,,,
923,1767,weighted triceps dip on high parallel bars,1238,weighted triceps dip on high parallel bars,upper arms,triceps,weighted,other,weighted,False,Intermediate,"Arms,Upper,Full Body,Push",Isolation Push,False,Upper Body,Posterior,Limbs,3,10,15,4,2,chest,shoulders,,,,
924,597,lever seated hip abduction,925,lever seated hip abduction,upper legs,abductors,leverage machine,machine,leverage machine,True,Intermediate,"Legs,Lower,Full Body",Leg Compound,True,Lower Body,Mixed,Limbs,3,8,12,6,2,glutes,hamstrings,,,,
925,3006,resistance band seated hip abduction,1023,resistance band seated hip abduction,upper legs,abductors,resistance band,bands,resistance band,False,Intermediate,"Legs,Lower,Full Body",Leg Compound,True,Lower Body,Mixed,Limbs,3,8,12,6,2,glutes,hamstrings,,,,
926,1774,side bridge hip abduction,1065,side bridge hip abduction,upper legs,abductors,body weight,bodyweight,body weight,False,Intermediate,"Legs,Lower,Full Body",Leg Compound,True,Lower Body,Mixed,Limbs,3,8,12,6,2,glutes,obliques,,,,
927,710,side hip abduction,1068,side hip abduction,upper legs,abductors,body weight,bodyweight,body weight,False,Intermediate,"Legs,Lower,Full Body",Leg Compound,True,Lower Body,Mixed,Limbs,3,8,12,5,2,glutes,quadriceps,,,,
928,1427,straight leg outer hip abductor,1177,straight leg outer hip abductor,upper legs,abductors,body weight,bodyweight,body weight,False,Intermediate,"Legs,Lower,Full Body",Leg Compound,True,Lower Body,Mixed,Limbs,3,8,12,5,2,glutes,hamstrings,,,,
929,1712,assisted side lying adductor stretch,28,assisted side lying adductor stretch,upper legs,adductors,assisted,assisted,assisted,False,Intermediate,"Legs,Lower,Full Body",Leg Compound,True,Lower Body,Mixed,Limbs,3,8,12,6,2,hamstrings,glutes,,,,
930,1494,butterfly yoga pose,256,butterfly yoga pose,upper legs,adductors,body weight,bodyweight,body weight,False,Intermediate,"Legs,Lower,Full Body",Leg Compound,True,Lower Body,Mixed,Limbs,3,8,12,7,2,hamstrings,groin,,,,
931,168,cable hip adduction,282,cable hip adduction,upper legs,adductors,cable,cable,cable,True,Intermediate,"Legs,Lower,Full Body",Leg Compound,True,Lower Body,Mixed,Limbs,3,8,12,6,2,glutes,quadriceps,,,,
932,598,lever seated hip adduction,926,lever seated hip adduction,upper legs,adductors,leverage machine,machine,leverage machine,True,Intermediate,"Legs,Lower,Full Body",Leg Compound,True,Lower Body,Mixed,Limbs,3,8,12,5,2,hamstrings,glutes,,,,
933,3667,side lying hip adduction (male),1070,side lying hip adduction,upper legs,adductors,body weight,bodyweight,body weight,False,Intermediate,"Legs,Lower,Full Body",Leg Compound,True,Lower Body,Mixed,Limbs,3,8,12,5,2,glutes,hamstrings,,,,
934,1775,side plank hip adduction,1071,side plank hip adduction,upper legs,adductors,body weight,bodyweight,body weight,False,Intermediate,"Legs,Lower,Full Body",Leg Compound,True,Lower Body,Mixed,Limbs,3,8,12,6,2,obliques,glutes,,,,
935,3214,arms apart circular toe touch (male),11,arms apart circular toe touch,upper legs,glutes,body weight,bodyweight,body weight,False,Intermediate,"Legs,Lower,Full Body",Hip Dominant,True,Lower Body,Posterior,Limbs,3,8,12,5,3,hamstrings,quadriceps,calves,,,
936,1709,assisted lying glutes stretch,17,assisted lying glutes stretch,upper legs,glutes,assisted,assisted,assisted,False,Intermediate,"Legs,Lower,Full Body",Hip Dominant,True,Lower Body,Posterior,Limbs,3,8,12,5,1,hamstrings,,,,,
937,1710,assisted lying gluteus and piriformis stretch,18,assisted lying gluteus and piriformis stretch,upper legs,glutes,assisted,assisted,assisted,False,Intermediate,"Legs,Lower,Full Body",Hip Dominant,True,Lower Body,Posterior,Limbs,3,8,12,5,1,hamstrings,,,,,
938,980,band bent-over hip extension,47,band bent-over hip extension,upper legs,glutes,band,bands,band,False,Intermediate,"Legs,Lower,Full Body",Hip Dominant,True,Lower Body,Posterior,Limbs,3,8,12,7,2,hamstrings,lower back,,,,
939,1408,band hip lift,56,band hip lift,upper legs,glutes,band,bands,band,False,Intermediate,"Legs,Lower,Full Body",Hip Dominant,True,Lower Body,Posterior,Limbs,3,8,12,6,2,hamstrings,quadriceps,,,,
940,984,band lying hip internal rotation,61,band lying hip internal rotation,upper legs,glutes,band,bands,band,False,Intermediate,"Legs,Lower,Full Body",Hip Dominant,True,Lower Body,Posterior,Limbs,3,8,12,5,2,hamstrings,quadriceps,,,,
941,991,band pull through,68,band pull through,upper legs,glutes,band,bands,band,False,Intermediate,"Legs,Lower,Full Body",Hip Dominant,True,Lower Body,Posterior,Limbs,3,8,12,7,2,hamstrings,lower back,,,,
942,996,band seated hip internal rotation,72,band seated hip internal rotation,upper legs,glutes,band,bands,band,False,Intermediate,"Legs,Lower,Full Body",Hip Dominant,True,Lower Body,Posterior,Limbs,3,8,12,6,2,hamstrings,quadriceps,,,,
943,1004,band squat,80,band squat,upper legs,glutes,band,bands,band,False,Intermediate,"Legs,Lower,Full Body",Hip Dominant,True,Lower Body,Posterior,Limbs,3,8,12,5,3,quadriceps,hamstrings,calves,,,
944,1003,band squat row,81,band squat row,upper legs,glutes,band,bands,band,False,Intermediate,"Legs,Lower,Full Body",Hip Dominant,True,Lower Body,Posterior,Limbs,3,8,12,7,3,hamstrings,quadriceps,back,,,
945,1008,band step-up,85,band step-up,upper legs,glutes,band,bands,band,False,Intermediate,"Legs,Lower,Full Body",Hip Dominant,True,Lower Body,Posterior,Limbs,3,8,12,7,3,quadriceps,hamstrings,calves,,,
946,1009,band stiff leg deadlift,86,band stiff leg deadlift,upper legs,glutes,band,bands,band,False,Intermediate,"Legs,Lower,Full Body",Hip Dominant,True,Lower Body,Posterior,Limbs,3,8,12,7,2,hamstrings,lower back,,,,
947,1023,band straight back stiff leg deadlift,87,band straight back stiff leg deadlift,upper legs,glutes,band,bands,band,False,Intermediate,"Legs,Lower,Full Body",Hip Dominant,True,Lower Body,Posterior,Limbs,3,8,12,6,2,hamstrings,lower back,,,,
948,29,barbell clean-grip front squat,104,barbell clean-grip front squat,upper legs,glutes,barbell,free_weight,barbell,False,Intermediate,"Legs,Lower,Full Body",Hip Dominant,True,Lower Body,Posterior,Limbs,3,8,12,6,4,quadriceps,hamstrings,calves,core,,
949,32,barbell deadlift,107,barbell deadlift,upper legs,glutes,barbell,free_weight,barbell,False,Intermediate,"Legs,Lower,Full Body",Hip Dominant,True,Lower Body,Posterior,Limbs,3,8,12,6,2,hamstrings,lower back,,,,
950,39,barbell front chest squat,116,barbell front chest squat,upper legs,glutes,barbell,free_weight,barbell,False,Intermediate,"Legs,Lower,Full Body",Hip Dominant,True,Lower Body,Posterior,Limbs,3,8,12,6,4,quadriceps,hamstrings,calves,core,,
951,42,barbell front squat,119,barbell front squat,upper legs,glutes,barbell,free_weight,barbell,False,Intermediate,"Legs,Lower,Full Body",Hip Dominant,True,Lower Body,Posterior,Limbs,3,8,12,6,4,quadriceps,hamstrings,calves,core,,
952,43,barbell full squat,120,barbell full squat,upper legs,glutes,barbell,free_weight,barbell,False,Intermediate,"Legs,Lower,Full Body",Hip Dominant,True,Lower Body,Posterior,Limbs,3,8,12,8,4,quadriceps,hamstrings,calves,core,,
953,1461,barbell full squat (back pov),120,barbell full squat,upper legs,glutes,barbell,free_weight,barbell,False,Intermediate,"Legs,Lower,Full Body",Hip Dominant,True,Lower Body,Posterior,Limbs,3,8,12,8,4,quadriceps,hamstrings,calves,core,,
954,1462,barbell full squat (side pov),120,barbell full squat,upper legs,glutes,barbell,free_weight,barbell,False,Intermediate,"Legs,Lower,Full Body",Hip Dominant,True,Lower Body,Posterior,Limbs,3,8,12,8,4,quadriceps,hamstrings,calves,core,,
955,1545,barbell full zercher squat,121,barbell full zercher squat,upper legs,glutes,barbell,free_weight,barbell,False,Intermediate,"Legs,Lower,Full Body",Hip Dominant,True,Lower Body,Posterior,Limbs,3,8,12,7,4,quadriceps,hamstrings,calves,core,,
956,1409,barbell glute bridge,122,barbell glute bridge,upper legs,glutes,barbell,free_weight,barbell,False,Intermediate,"Legs,Lower,Full Body",Hip Dominant,True,Lower Body,Posterior,Limbs,3,8,12,6,2,hamstrings,lower back,,,,
957,3562,barbell glute bridge two legs on bench (male),123,barbell glute bridge two legs on bench,upper legs,glutes,barbell,free_weight,barbell,False,Intermediate,"Legs,Lower,Full Body",Hip Dominant,True,Lower Body,Posterior,Limbs,3,8,12,6,2,hamstrings,core,,,,
958,46,barbell hack squat,126,barbell hack squat,upper legs,glutes,barbell,free_weight,barbell,False,Intermediate,"Legs,Lower,Full Body",Hip Dominant,True,Lower Body,Posterior,Limbs,3,8,12,6,3,quadriceps,hamstrings,calves,,,
959,1436,barbell high bar squat,127,barbell high bar squat,upper legs,glutes,barbell,free_weight,barbell,False,Intermediate,"Legs,Lower,Full Body",Hip Dominant,True,Lower Body,Posterior,Limbs,3,8,12,6,4,quadriceps,hamstrings,calves,core,,
960,51,barbell jefferson squat,133,barbell jefferson squat,upper legs,glutes,barbell,free_weight,barbell,False,Intermediate,"Legs,Lower,Full Body",Hip Dominant,True,Lower Body,Posterior,Limbs,3,8,12,6,3,quadriceps,hamstrings,calves,,,
961,53,barbell jump squat,135,barbell jump squat,upper legs,glutes,barbell,free_weight,barbell,False,Intermediate,"Legs,Lower,Full Body",Hip Dominant,True,Lower Body,Posterior,Limbs,3,8,12,5,3,quadriceps,hamstrings,calves,,,
962,1410,barbell lateral lunge,136,barbell lateral lunge,upper legs,glutes,barbell,free_weight,barbell,False,Intermediate,"Legs,Lower,Full Body",Hip Dominant,True,Lower Body,Posterior,Limbs,3,8,12,5,3,quadriceps,hamstrings,calves,,,
963,1435,barbell low bar squat,137,barbell low bar squat,upper legs,glutes,barbell,free_weight,barbell,False,Intermediate,"Legs,Lower,Full Body",Hip Dominant,True,Lower Body,Posterior,Limbs,3,8,12,5,3,quadriceps,hamstrings,calves,,,
964,54,barbell lunge,138,barbell lunge,upper legs,glutes,barbell,free_weight,barbell,False,Intermediate,"Legs,Lower,Full Body",Hip Dominant,True,Lower Body,Posterior,Limbs,3,8,12,5,3,quadriceps,hamstrings,calves,,,
965,58,barbell lying lifting (on hip),143,barbell lying lifting,upper legs,glutes,barbell,free_weight,barbell,False,Intermediate,"Legs,Lower,Full Body",Hip Dominant,True,Lower Body,Posterior,Limbs,3,8,12,5,2,hamstrings,quadriceps,,,,
966,63,barbell narrow stance squat,147,barbell narrow stance squat,upper legs,glutes,barbell,free_weight,barbell,False,Intermediate,"Legs,Lower,Full Body",Hip Dominant,True,Lower Body,Posterior,Limbs,3,8,12,6,3,quadriceps,hamstrings,calves,,,
967,66,barbell one arm side deadlift,150,barbell one arm side deadlift,upper legs,glutes,barbell,free_weight,barbell,False,Intermediate,"Legs,Lower,Full Body",Hip Dominant,True,Lower Body,Posterior,Limbs,3,8,12,6,3,hamstrings,quadriceps,lower back,,,
968,74,barbell rack pull,163,barbell rack pull,upper legs,glutes,barbell,free_weight,barbell,False,Intermediate,"Legs,Lower,Full Body",Hip Dominant,True,Lower Body,Posterior,Limbs,3,8,12,6,2,hamstrings,lower back,,,,
969,78,barbell rear lunge,166,barbell rear lunge,upper legs,glutes,barbell,free_weight,barbell,False,Intermediate,"Legs,Lower,Full Body",Hip Dominant,True,Lower Body,Posterior,Limbs,3,8,12,5,3,quadriceps,hamstrings,calves,,,
970,77,barbell rear lunge v. 2,166,barbell rear lunge,upper legs,glutes,barbell,free_weight,barbell,False,Intermediate,"Legs,Lower,Full Body",Hip Dominant,True,Lower Body,Posterior,Limbs,3,8,12,5,3,quadriceps,hamstrings,calves,,,
971,85,barbell romanian deadlift,179,barbell romanian deadlift,upper legs,glutes,barbell,free_weight,barbell,False,Intermediate,"Legs,Lower,Full Body",Hip Dominant,True,Lower Body,Posterior,Limbs,3,8,12,8,2,hamstrings,lower back,,,,
972,90,barbell seated good morning,185,barbell seated good morning,upper legs,glutes,barbell,free_weight,barbell,False,Intermediate,"Legs,Lower,Full Body",Hip Dominant,True,Lower Body,Posterior,Limbs,3,8,12,5,2,hamstrings,lower back,,,,
973,1756,barbell single leg deadlift,192,barbell single leg deadlift,upper legs,glutes,barbell,free_weight,barbell,False,Intermediate,"Legs,Lower,Full Body",Hip Dominant,True,Lower Body,Posterior,Limbs,3,8,12,6,2,hamstrings,lower back,,,,
974,101,barbell speed squat,196,barbell speed squat,upper legs,glutes,barbell,free_weight,barbell,False,Intermediate,"Legs,Lower,Full Body",Hip Dominant,True,Lower Body,Posterior,Limbs,3,8,12,6,3,quadriceps,hamstrings,calves,,,
975,114,barbell step-up,216,barbell step-up,upper legs,glutes,barbell,free_weight,barbell,False,Intermediate,"Legs,Lower,Full Body",Hip Dominant,True,Lower Body,Posterior,Limbs,3,8,12,6,3,quadriceps,hamstrings,calves,,,
976,115,barbell stiff leg good morning,217,barbell stiff leg good morning,upper legs,glutes,barbell,free_weight,barbell,False,Intermediate,"Legs,Lower,Full Body",Hip Dominant,True,Lower Body,Posterior,Limbs,3,8,12,6,2,hamstrings,lower back,,,,
977,117,barbell sumo deadlift,219,barbell sumo deadlift,upper legs,glutes,barbell,free_weight,barbell,False,Intermediate,"Legs,Lower,Full Body",Hip Dominant,True,Lower Body,Posterior,Limbs,3,8,12,7,3,hamstrings,quadriceps,lower back,,,
978,127,barbell zercher squat,227,barbell zercher squat,upper legs,glutes,barbell,free_weight,barbell,False,Intermediate,"Legs,Lower,Full Body",Hip Dominant,True,Lower Body,Posterior,Limbs,3,8,12,6,4,quadriceps,hamstrings,calves,core,,
979,3212,basic toe touch (male),228,basic toe touch,upper legs,glutes,body weight,bodyweight,body weight,False,Intermediate,"Legs,Lower,Full Body",Hip Dominant,True,Lower Body,Posterior,Limbs,3,8,12,5,2,hamstrings,calves,,,,
980,130,bench hip extension,234,bench hip extension,upper legs,glutes,body weight,bodyweight,body weight,False,Intermediate,"Legs,Lower,Full Body",Hip Dominant,True,Lower Body,Posterior,Limbs,3,8,12,5,1,hamstrings,,,,,
981,3639,bent knee lying twist (male),236,bent knee lying twist,upper legs,glutes,body weight,bodyweight,body weight,False,Intermediate,"Legs,Lower,Full Body",Hip Dominant,True,Lower Body,Posterior,Limbs,3,8,12,6,2,obliques,hip flexors,,,,
982,3543,bodyweight drop jump squat,241,bodyweight drop jump squat,upper legs,glutes,body weight,bodyweight,body weight,False,Intermediate,"Legs,Lower,Full Body",Hip Dominant,True,Lower Body,Posterior,Limbs,3,8,12,6,3,quadriceps,hamstrings,calves,,,
983,157,cable deadlift,269,cable deadlift,upper legs,glutes,cable,cable,cable,True,Intermediate,"Legs,Lower,Full Body",Hip Dominant,True,Lower Body,Posterior,Limbs,3,8,12,6,3,hamstrings,quadriceps,lower back,,,
984,196,cable pull through (with rope),326,cable pull through,upper legs,glutes,cable,cable,cable,True,Intermediate,"Legs,Lower,Full Body",Hip Dominant,True,Lower Body,Posterior,Limbs,3,8,12,5,2,hamstrings,lower back,,,,
985,228,cable standing hip extension,375,cable standing hip extension,upper legs,glutes,cable,cable,cable,True,Intermediate,"Legs,Lower,Full Body",Hip Dominant,True,Lower Body,Posterior,Limbs,3,8,12,7,2,hamstrings,quadriceps,,,,
986,3769,curtsey squat,427,curtsey squat,upper legs,glutes,body weight,bodyweight,body weight,False,Intermediate,"Legs,Lower,Full Body",Hip Dominant,True,Lower Body,Posterior,Limbs,3,8,12,6,3,quadriceps,hamstrings,calves,,,
987,291,dumbbell bench squat,448,dumbbell bench squat,upper legs,glutes,dumbbell,free_weight,dumbbell,False,Intermediate,"Legs,Lower,Full Body",Hip Dominant,True,Lower Body,Posterior,Limbs,3,8,12,5,3,quadriceps,hamstrings,calves,,,
988,295,dumbbell clean,458,dumbbell clean,upper legs,glutes,dumbbell,free_weight,dumbbell,False,Intermediate,"Legs,Lower,Full Body",Hip Dominant,True,Lower Body,Posterior,Limbs,3,8,12,7,3,hamstrings,quadriceps,calves,,,
989,3635,dumbbell contralateral forward lunge,462,dumbbell contralateral forward lunge,upper legs,glutes,dumbbell,free_weight,dumbbell,False,Intermediate,"Legs,Lower,Full Body",Hip Dominant,True,Lower Body,Posterior,Limbs,3,8,12,6,3,quadriceps,hamstrings,calves,,,
990,300,dumbbell deadlift,465,dumbbell deadlift,upper legs,glutes,dumbbell,free_weight,dumbbell,False,Intermediate,"Legs,Lower,Full Body",Hip Dominant,True,Lower Body,Posterior,Limbs,3,8,12,5,2,hamstrings,lower back,,,,
991,336,dumbbell lunge,521,dumbbell lunge,upper legs,glutes,dumbbell,free_weight,dumbbell,False,Intermediate,"Legs,Lower,Full Body",Hip Dominant,True,Lower Body,Posterior,Limbs,3,8,12,6,3,quadriceps,hamstrings,calves,,,
992,3888,dumbbell one arm snatch,574,dumbbell one arm snatch,upper legs,glutes,dumbbell,free_weight,dumbbell,False,Intermediate,"Legs,Lower,Full Body",Hip Dominant,True,Lower Body,Posterior,Limbs,3,8,12,8,3,hamstrings,quadriceps,core,,,
993,371,dumbbell plyo squat,591,dumbbell plyo squat,upper legs,glutes,dumbbell,free_weight,dumbbell,False,Intermediate,"Legs,Lower,Full Body",Hip Dominant,True,Lower Body,Posterior,Limbs,3,8,12,6,3,quadriceps,hamstrings,calves,,,
994,381,dumbbell rear lunge,607,dumbbell rear lunge,upper legs,glutes,dumbbell,free_weight,dumbbell,False,Intermediate,"Legs,Lower,Full Body",Hip Dominant,True,Lower Body,Posterior,Limbs,3,8,12,5,3,quadriceps,hamstrings,calves,,,
995,1459,dumbbell romanian deadlift,617,dumbbell romanian deadlift,upper legs,glutes,dumbbell,free_weight,dumbbell,False,Intermediate,"Legs,Lower,Full Body",Hip Dominant,True,Lower Body,Posterior,Limbs,3,8,12,4,2,hamstrings,lower back,,,,
996,1757,dumbbell single leg deadlift,657,dumbbell single leg deadlift,upper legs,glutes,dumbbell,free_weight,dumbbell,False,Intermediate,"Legs,Lower,Full Body",Hip Dominant,True,Lower Body,Posterior,Limbs,3,8,12,7,2,hamstrings,lower back,,,,
997,2805,dumbbell single leg deadlift with stepbox support,658,dumbbell single leg deadlift with stepbox support,upper legs,glutes,dumbbell,free_weight,dumbbell,False,Intermediate,"Legs,Lower,Full Body",Hip Dominant,True,Lower Body,Posterior,Limbs,3,8,12,6,2,hamstrings,lower back,,,,
998,411,dumbbell single leg squat,660,dumbbell single leg squat,upper legs,glutes,dumbbell,free_weight,dumbbell,False,Intermediate,"Legs,Lower,Full Body",Hip Dominant,True,Lower Body,Posterior,Limbs,3,8,12,6,3,quadriceps,hamstrings,calves,,,
999,413,dumbbell squat,661,dumbbell squat,upper legs,glutes,dumbbell,free_weight,dumbbell,False,Intermediate,"Legs,Lower,Full Body",Hip Dominant,True,Lower Body,Posterior,Limbs,3,8,12,5,3,quadriceps,hamstrings,calves,,,
1000,431,dumbbell step-up,688,dumbbell step-up,upper legs,glutes,dumbbell,free_weight,dumbbell,False,Intermediate,"Legs,Lower,Full Body",Hip Dominant,True,Lower Body,Posterior,Limbs,3,8,12,6,3,quadriceps,hamstrings,calves,,,
1001,432,dumbbell stiff leg deadlift,691,dumbbell stiff leg deadlift,upper legs,glutes,dumbbell,free_weight,dumbbell,False,Intermediate,"Legs,Lower,Full Body",Hip Dominant,True,Lower Body,Posterior,Limbs,3,8,12,4,2,hamstrings,lower back,,,,
1002,434,dumbbell straight leg deadlift,693,dumbbell straight leg deadlift,upper legs,glutes,dumbbell,free_weight,dumbbell,False,Intermediate,"Legs,Lower,Full Body",Hip Dominant,True,Lower Body,Posterior,Limbs,3,8,12,5,2,hamstrings,lower back,,,,
1003,2808,dumbbell sumo pull through,694,dumbbell sumo pull through,upper legs,glutes,dumbbell,free_weight,dumbbell,False,Intermediate,"Legs,Lower,Full Body",Hip Dominant,True,Lower Body,Posterior,Limbs,3,8,12,7,3,hamstrings,quadriceps,core,,,
1004,1559,exercise ball hip flexor stretch,717,exercise ball hip flexor stretch,upper legs,glutes,stability ball,bodyweight_stability,stability ball,False,Intermediate,"Legs,Lower,Full Body",Hip Dominant,True,Lower Body,Posterior,Limbs,3,8,12,5,2,quadriceps,hamstrings,,,,
1005,1416,exercise ball one leg prone lower body rotation,723,exercise ball one leg prone lower body rotation,upper legs,glutes,stability ball,bodyweight_stability,stability ball,False,Intermediate,"Legs,Lower,Full Body",Hip Dominant,True,Lower Body,Posterior,Limbs,3,8,12,8,3,hamstrings,quadriceps,core,,,
1006,1417,exercise ball one legged diagonal kick hamstring curl,724,exercise ball one legged diagonal kick hamstring curl,upper legs,glutes,stability ball,bodyweight_stability,stability ball,False,Intermediate,"Legs,Lower,Full Body",Hip Dominant,True,Lower Body,Posterior,Limbs,3,8,12,7,2,hamstrings,calves,,,,
1007,459,flutter kicks,757,flutter kicks,upper legs,glutes,body weight,bodyweight,body weight,False,Intermediate,"Legs,Lower,Full Body",Hip Dominant,True,Lower Body,Posterior,Limbs,3,8,12,4,2,hip flexors,lower abs,,,,
1008,3470,forward lunge (male),759,forward lunge,upper legs,glutes,body weight,bodyweight,body weight,False,Intermediate,"Legs,Lower,Full Body",Hip Dominant,True,Lower Body,Posterior,Limbs,3,8,12,5,3,quadriceps,hamstrings,calves,,,
1009,3194,frankenstein squat,760,frankenstein squat,upper legs,glutes,barbell,free_weight,barbell,False,Intermediate,"Legs,Lower,Full Body",Hip Dominant,True,Lower Body,Posterior,Limbs,3,8,12,5,3,quadriceps,hamstrings,calves,,,
1010,3561,glute bridge march,770,glute bridge march,upper legs,glutes,body weight,bodyweight,body weight,False,Intermediate,"Legs,Lower,Full Body",Hip Dominant,True,Lower Body,Posterior,Limbs,3,8,12,6,2,hamstrings,quadriceps,,,,
1011,3523,glute bridge two legs on bench (male),771,glute bridge two legs on bench,upper legs,glutes,body weight,bodyweight,body weight,False,Intermediate,"Legs,Lower,Full Body",Hip Dominant,True,Lower Body,Posterior,Limbs,3,8,12,5,2,hamstrings,core,,,,
1012,3218,hands clasped circular toe touch (male),781,hands clasped circular toe touch,upper legs,glutes,body weight,bodyweight,body weight,False,Intermediate,"Legs,Lower,Full Body",Hip Dominant,True,Lower Body,Posterior,Limbs,3,8,12,5,3,hamstrings,quadriceps,calves,,,
1013,3215,hands reversed clasped circular toe touch (male),782,hands reversed clasped circular toe touch,upper legs,glutes,body weight,bodyweight,body weight,False,Intermediate,"Legs,Lower,Full Body",Hip Dominant,True,Lower Body,Posterior,Limbs,3,8,12,7,3,hamstrings,quadriceps,calves,,,
1014,1418,hug keens to chest,794,hug keens to chest,upper legs,glutes,body weight,bodyweight,body weight,False,Intermediate,"Legs,Lower,Full Body",Hip Dominant,True,Lower Body,Posterior,Limbs,3,8,12,5,2,hamstrings,quadriceps,,,,
1015,1419,iron cross stretch,812,iron cross stretch,upper legs,glutes,body weight,bodyweight,body weight,False,Intermediate,"Legs,Lower,Full Body",Hip Dominant,True,Lower Body,Posterior,Limbs,3,8,12,6,2,hamstrings,quadriceps,,,,
1016,514,jump squat,820,jump squat,upper legs,glutes,body weight,bodyweight,body weight,False,Intermediate,"Legs,Lower,Full Body",Hip Dominant,True,Lower Body,Posterior,Limbs,3,8,12,6,3,quadriceps,hamstrings,calves,,,
1017,513,jump squat v. 2,820,jump squat,upper legs,glutes,body weight,bodyweight,body weight,False,Intermediate,"Legs,Lower,Full Body",Hip Dominant,True,Lower Body,Posterior,Limbs,3,8,12,5,3,quadriceps,hamstrings,calves,,,
1018,533,kettlebell front squat,837,kettlebell front squat,upper legs,glutes,kettlebell,free_weight,kettlebell,False,Intermediate,"Legs,Lower,Full Body",Hip Dominant,True,Lower Body,Posterior,Limbs,3,8,12,6,3,quadriceps,hamstrings,calves,,,
1019,534,kettlebell goblet squat,838,kettlebell goblet squat,upper legs,glutes,kettlebell,free_weight,kettlebell,False,Intermediate,"Legs,Lower,Full Body",Hip Dominant,True,Lower Body,Posterior,Limbs,3,8,12,5,3,quadriceps,hamstrings,calves,,,
1020,536,kettlebell lunge pass through,840,kettlebell lunge pass through,upper legs,glutes,kettlebell,free_weight,kettlebell,False,Intermediate,"Legs,Lower,Full Body",Hip Dominant,True,Lower Body,Posterior,Limbs,3,8,12,6,3,quadriceps,hamstrings,calves,,,
1021,544,kettlebell pistol squat,849,kettlebell pistol squat,upper legs,glutes,kettlebell,free_weight,kettlebell,False,Intermediate,"Legs,Lower,Full Body",Hip Dominant,True,Lower Body,Posterior,Limbs,3,8,12,5,3,quadriceps,hamstrings,calves,,,
1022,549,kettlebell swing,855,kettlebell swing,upper legs,glutes,kettlebell,free_weight,kettlebell,False,Intermediate,"Legs,Lower,Full Body",Hip Dominant,True,Lower Body,Posterior,Limbs,3,8,12,6,2,hamstrings,core,,,,
1023,551,kettlebell turkish get up (squat style),857,kettlebell turkish get up,upper legs,glutes,kettlebell,free_weight,kettlebell,False,Intermediate,"Legs,Lower,Full Body",Hip Dominant,True,Lower Body,Posterior,Limbs,3,8,12,9,3,quadriceps,hamstrings,core,,,
1024,1420,kneeling jump squat,865,kneeling jump squat,upper legs,glutes,barbell,free_weight,barbell,False,Intermediate,"Legs,Lower,Full Body",Hip Dominant,True,Lower Body,Posterior,Limbs,3,8,12,6,3,quadriceps,hamstrings,calves,,,
1025,578,lever deadlift,887,lever deadlift,upper legs,glutes,leverage machine,machine,leverage machine,True,Intermediate,"Legs,Lower,Full Body",Hip Dominant,True,Lower Body,Posterior,Limbs,3,8,12,8,2,hamstrings,quadriceps,,,,
1026,2286,lever hip extension v. 2,895,lever hip extension,upper legs,glutes,leverage machine,machine,leverage machine,True,Intermediate,"Legs,Lower,Full Body",Hip Dominant,True,Lower Body,Posterior,Limbs,3,8,12,5,1,hamstrings,,,,,
1027,2611,lever horizontal one leg press,896,lever horizontal one leg press,upper legs,glutes,leverage machine,machine,leverage machine,True,Intermediate,"Legs,Lower,Full Body",Hip Dominant,True,Lower Body,Posterior,Limbs,3,8,12,6,3,quadriceps,hamstrings,calves,,,
1028,593,lever reverse hyperextension,916,lever reverse hyperextension,upper legs,glutes,leverage machine,machine,leverage machine,True,Intermediate,"Legs,Lower,Full Body",Hip Dominant,True,Lower Body,Posterior,Limbs,3,8,12,6,2,hamstrings,lower back,,,,
1029,3759,lever seated good morning,924,lever seated good morning,upper legs,glutes,leverage machine,machine,leverage machine,True,Intermediate,"Legs,Lower,Full Body",Hip Dominant,True,Lower Body,Posterior,Limbs,3,8,12,6,2,hamstrings,lower back,,,,
1030,3013,low glute bridge on floor,941,low glute bridge on floor,upper legs,glutes,body weight,bodyweight,body weight,False,Intermediate,"Legs,Lower,Full Body",Hip Dominant,True,Lower Body,Posterior,Limbs,3,8,12,6,2,hamstrings,core,,,,
1031,3582,lunge with jump,943,lunge with jump,upper legs,glutes,body weight,bodyweight,body weight,False,Intermediate,"Legs,Lower,Full Body",Hip Dominant,True,Lower Body,Posterior,Limbs,3,8,12,5,3,quadriceps,hamstrings,calves,,,
1032,624,march sit (wall),950,march sit,upper legs,glutes,body weight,bodyweight,body weight,False,Intermediate,"Legs,Lower,Full Body",Hip Dominant,True,Lower Body,Posterior,Limbs,3,8,12,5,3,quadriceps,hamstrings,calves,,,
1033,628,monster walk,963,monster walk,upper legs,glutes,body weight,bodyweight,body weight,False,Intermediate,"Legs,Lower,Full Body",Hip Dominant,True,Lower Body,Posterior,Limbs,3,8,12,5,2,hamstrings,quadriceps,,,,
1034,1476,one leg squat,981,one leg squat,upper legs,glutes,body weight,bodyweight,body weight,False,Intermediate,"Legs,Lower,Full Body",Hip Dominant,True,Lower Body,Posterior,Limbs,3,8,12,6,3,quadriceps,hamstrings,calves,,,
1035,642,outside leg kick push-up,983,outside leg kick push-up,upper legs,glutes,body weight,bodyweight,body weight,False,Intermediate,"Legs,Lower,Full Body",Hip Dominant,True,Lower Body,Posterior,Limbs,3,8,12,5,3,quadriceps,hamstrings,calves,,,
1036,1422,pelvic tilt into bridge,986,pelvic tilt into bridge,upper legs,glutes,body weight,bodyweight,body weight,False,Intermediate,"Legs,Lower,Full Body",Hip Dominant,True,Lower Body,Posterior,Limbs,3,8,12,7,2,hamstrings,core,,,,
1037,3662,pike-to-cobra push-up,988,pike-to-cobra push-up,upper legs,glutes,body weight,bodyweight,body weight,False,Intermediate,"Legs,Lower,Full Body",Hip Dominant,True,Lower Body,Posterior,Limbs,3,8,12,8,3,core,shoulders,triceps,,,
1038,3132,potty squat with support,993,potty squat with support,upper legs,glutes,body weight,bodyweight,body weight,False,Intermediate,"Legs,Lower,Full Body",Hip Dominant,True,Lower Body,Posterior,Limbs,3,8,12,6,3,quadriceps,hamstrings,calves,,,
1039,661,push-up inside leg kick,1006,push-up inside leg kick,upper legs,glutes,body weight,bodyweight,body weight,False,Intermediate,"Legs,Lower,Full Body",Hip Dominant,True,Lower Body,Posterior,Limbs,3,8,12,5,4,quadriceps,hamstrings,calves,core,,
1040,668,rear decline bridge,1015,rear decline bridge,upper legs,glutes,body weight,bodyweight,body weight,False,Intermediate,"Legs,Lower,Full Body",Hip Dominant,True,Lower Body,Posterior,Limbs,3,8,12,5,2,hamstrings,lower back,,,,
1041,3236,resistance band hip thrusts on knees (female),1019,resistance band hip thrusts on knees,upper legs,glutes,resistance band,bands,resistance band,False,Intermediate,"Legs,Lower,Full Body",Hip Dominant,True,Lower Body,Posterior,Limbs,3,8,12,7,2,hamstrings,quadriceps,,,,
1042,675,reverse hyper extension (on stability ball),1030,reverse hyper extension,upper legs,glutes,stability ball,bodyweight_stability,stability ball,False,Intermediate,"Legs,Lower,Full Body",Hip Dominant,True,Lower Body,Posterior,Limbs,3,8,12,5,2,hamstrings,lower back,,,,
1043,1423,reverse hyper on flat bench,1031,reverse hyper on flat bench,upper legs,glutes,body weight,bodyweight,body weight,False,Intermediate,"Legs,Lower,Full Body",Hip Dominant,True,Lower Body,Posterior,Limbs,3,8,12,6,2,hamstrings,lower back,,,,
1044,2571,rocking frog stretch,1034,rocking frog stretch,upper legs,glutes,body weight,bodyweight,body weight,False,Intermediate,"Legs,Lower,Full Body",Hip Dominant,True,Lower Body,Posterior,Limbs,3,8,12,7,2,hamstrings,quadriceps,,,,
1045,2205,roller hip lat stretch,1038,roller hip lat stretch,upper legs,glutes,roller,other,roller,False,Intermediate,"Legs,Lower,Full Body",Hip Dominant,True,Lower Body,Posterior,Limbs,3,8,12,5,2,hamstrings,quadriceps,,,,
1046,2202,roller hip stretch,1039,roller hip stretch,upper legs,glutes,roller,other,roller,False,Intermediate,"Legs,Lower,Full Body",Hip Dominant,True,Lower Body,Posterior,Limbs,3,8,12,7,2,hamstrings,quadriceps,,,,
1047,1424,seated glute stretch,1053,seated glute stretch,upper legs,glutes,body weight,bodyweight,body weight,False,Intermediate,"Legs,Lower,Full Body",Hip Dominant,True,Lower Body,Posterior,Limbs,3,8,12,6,1,hamstrings,,,,,
1048,2567,seated piriformis stretch,1056,seated piriformis stretch,upper legs,glutes,body weight,bodyweight,body weight,False,Intermediate,"Legs,Lower,Full Body",Hip Dominant,True,Lower Body,Posterior,Limbs,3,8,12,4,1,hamstrings,,,,,
1049,3645,single leg bridge with outstretched leg,1078,single leg bridge with outstretched leg,upper legs,glutes,body weight,bodyweight,body weight,False,Intermediate,"Legs,Lower,Full Body",Hip Dominant,True,Lower Body,Posterior,Limbs,3,8,12,5,2,hamstrings,quadriceps,,,,
1050,1759,single leg squat (pistol) male,1081,single leg squat male,upper legs,glutes,body weight,bodyweight,body weight,False,Intermediate,"Legs,Lower,Full Body",Hip Dominant,True,Lower Body,Posterior,Limbs,3,8,12,7,3,quadriceps,hamstrings,calves,,,
1051,1425,sled 45 degrees one leg press,1089,sled 45 degrees one leg press,upper legs,glutes,sled machine,machine,sled machine,True,Intermediate,"Legs,Lower,Full Body",Hip Dominant,True,Lower Body,Posterior,Limbs,3,8,12,6,3,quadriceps,hamstrings,calves,,,
1052,1463,sled 45° leg press (side pov),1092,sled 45° leg press,upper legs,glutes,sled machine,machine,sled machine,True,Intermediate,"Legs,Lower,Full Body",Hip Dominant,True,Lower Body,Posterior,Limbs,3,8,12,6,3,quadriceps,hamstrings,calves,,,
1053,739,sled 45в° leg press,1091,sled 45в° leg press,upper legs,glutes,sled machine,machine,sled machine,True,Intermediate,"Legs,Lower,Full Body",Hip Dominant,True,Lower Body,Posterior,Limbs,3,8,12,7,3,quadriceps,hamstrings,calves,,,
1054,1464,sled 45в° leg press (back pov),1091,sled 45в° leg press,upper legs,glutes,sled machine,machine,sled machine,True,Intermediate,"Legs,Lower,Full Body",Hip Dominant,True,Lower Body,Posterior,Limbs,3,8,12,7,3,quadriceps,hamstrings,calves,,,
1055,740,sled 45в° leg wide press,1093,sled 45в° leg wide press,upper legs,glutes,sled machine,machine,sled machine,True,Intermediate,"Legs,Lower,Full Body",Hip Dominant,True,Lower Body,Posterior,Limbs,3,8,12,6,3,quadriceps,hamstrings,calves,,,
1056,741,sled closer hack squat,1095,sled closer hack squat,upper legs,glutes,sled machine,machine,sled machine,True,Intermediate,"Legs,Lower,Full Body",Hip Dominant,True,Lower Body,Posterior,Limbs,3,8,12,7,3,quadriceps,hamstrings,calves,,,
1057,743,sled hack squat,1097,sled hack squat,upper legs,glutes,sled machine,machine,sled machine,True,Intermediate,"Legs,Lower,Full Body",Hip Dominant,True,Lower Body,Posterior,Limbs,3,8,12,7,3,quadriceps,hamstrings,calves,,,
1058,744,sled lying squat,1099,sled lying squat,upper legs,glutes,sled machine,machine,sled machine,True,Intermediate,"Legs,Lower,Full Body",Hip Dominant,True,Lower Body,Posterior,Limbs,3,8,12,8,3,quadriceps,hamstrings,calves,,,
1059,749,smith bent knee good morning,1105,smith bent knee good morning,upper legs,glutes,smith machine,machine,smith machine,True,Intermediate,"Legs,Lower,Full Body",Hip Dominant,True,Lower Body,Posterior,Limbs,3,8,12,6,2,hamstrings,lower back,,,,
1060,752,smith deadlift,1109,smith deadlift,upper legs,glutes,smith machine,machine,smith machine,True,Intermediate,"Legs,Lower,Full Body",Hip Dominant,True,Lower Body,Posterior,Limbs,3,8,12,7,3,hamstrings,quadriceps,lower back,,,
1061,1433,smith front squat (clean grip),1112,smith front squat,upper legs,glutes,smith machine,machine,smith machine,True,Intermediate,"Legs,Lower,Full Body",Hip Dominant,True,Lower Body,Posterior,Limbs,3,8,12,9,4,quadriceps,hamstrings,calves,core,,
1062,3281,smith full squat,1113,smith full squat,upper legs,glutes,smith machine,machine,smith machine,True,Intermediate,"Legs,Lower,Full Body",Hip Dominant,True,Lower Body,Posterior,Limbs,3,8,12,9,3,quadriceps,hamstrings,calves,,,
1063,755,smith hack squat,1114,smith hack squat,upper legs,glutes,smith machine,machine,smith machine,True,Intermediate,"Legs,Lower,Full Body",Hip Dominant,True,Lower Body,Posterior,Limbs,3,8,12,10,3,quadriceps,hamstrings,calves,,,
1064,760,smith leg press,1119,smith leg press,upper legs,glutes,smith machine,machine,smith machine,True,Intermediate,"Legs,Lower,Full Body",Hip Dominant,True,Lower Body,Posterior,Limbs,3,8,12,7,3,quadriceps,hamstrings,calves,,,
1065,1434,smith low bar squat,1120,smith low bar squat,upper legs,glutes,smith machine,machine,smith machine,True,Intermediate,"Legs,Lower,Full Body",Hip Dominant,True,Lower Body,Posterior,Limbs,3,8,12,11,3,quadriceps,hamstrings,calves,,,
1066,769,smith sprint lunge,1138,smith sprint lunge,upper legs,glutes,smith machine,machine,smith machine,True,Intermediate,"Legs,Lower,Full Body",Hip Dominant,True,Lower Body,Posterior,Limbs,3,8,12,7,3,quadriceps,hamstrings,calves,,,
1067,770,smith squat,1139,smith squat,upper legs,glutes,smith machine,machine,smith machine,True,Intermediate,"Legs,Lower,Full Body",Hip Dominant,True,Lower Body,Posterior,Limbs,3,8,12,9,3,quadriceps,hamstrings,calves,,,
1068,3142,smith sumo squat,1144,smith sumo squat,upper legs,glutes,smith machine,machine,smith machine,True,Intermediate,"Legs,Lower,Full Body",Hip Dominant,True,Lower Body,Posterior,Limbs,3,8,12,7,3,quadriceps,hamstrings,calves,,,
1069,778,spider crawl push up,1152,spider crawl push up,upper legs,glutes,body weight,bodyweight,body weight,False,Intermediate,"Legs,Lower,Full Body",Hip Dominant,True,Lower Body,Posterior,Limbs,3,8,12,5,3,core,chest,shoulders,,,
1070,3433,swimmer kicks v. 2 (male),1184,swimmer kicks,upper legs,glutes,body weight,bodyweight,body weight,False,Intermediate,"Legs,Lower,Full Body",Hip Dominant,True,Lower Body,Posterior,Limbs,3,8,12,5,3,hamstrings,quadriceps,calves,,,
1071,2459,tire flip,1187,tire flip,upper legs,glutes,tire,other,tire,False,Intermediate,"Legs,Lower,Full Body",Hip Dominant,True,Lower Body,Posterior,Limbs,3,8,12,7,3,hamstrings,quadriceps,core,,,
1072,811,trap bar deadlift,1188,trap bar deadlift,upper legs,glutes,trap bar,free_weight,trap bar,False,Intermediate,"Legs,Lower,Full Body",Hip Dominant,True,Lower Body,Posterior,Limbs,3,8,12,6,3,hamstrings,quadriceps,lower back,,,
1073,1466,twist hip lift,1195,twist hip lift,upper legs,glutes,body weight,bodyweight,body weight,False,Intermediate,"Legs,Lower,Full Body",Hip Dominant,True,Lower Body,Posterior,Limbs,3,8,12,6,2,obliques,hamstrings,,,,
1074,1460,walking lunge,1204,walking lunge,upper legs,glutes,body weight,bodyweight,body weight,False,Intermediate,"Legs,Lower,Full Body",Hip Dominant,True,Lower Body,Posterior,Limbs,3,8,12,6,3,quadriceps,hamstrings,calves,,,
1075,3643,weighted cossack squats (male),1209,weighted cossack squats,upper legs,glutes,weighted,other,weighted,False,Intermediate,"Legs,Lower,Full Body",Hip Dominant,True,Lower Body,Posterior,Limbs,3,8,12,6,3,quadriceps,hamstrings,calves,,,
1076,3644,weighted lunge with swing,1219,weighted lunge with swing,upper legs,glutes,weighted,other,weighted,False,Intermediate,"Legs,Lower,Full Body",Hip Dominant,True,Lower Body,Posterior,Limbs,3,8,12,5,3,quadriceps,hamstrings,calves,,,
1077,852,weighted squat,1230,weighted squat,upper legs,glutes,weighted,other,weighted,False,Intermediate,"Legs,Lower,Full Body",Hip Dominant,True,Lower Body,Posterior,Limbs,3,8,12,6,3,quadriceps,hamstrings,calves,,,
1078,3642,weighted stretch lunge,1234,weighted stretch lunge,upper legs,glutes,weighted,other,weighted,False,Intermediate,"Legs,Lower,Full Body",Hip Dominant,True,Lower Body,Posterior,Limbs,3,8,12,6,3,quadriceps,hamstrings,calves,,,
1079,16,assisted prone hamstring,23,assisted prone hamstring,upper legs,hamstrings,assisted,assisted,assisted,False,Intermediate,"Legs,Lower,Full Body",Hip Dominant,True,Lower Body,Posterior,Limbs,3,8,12,5,2,glutes,lower back,,,,
1080,44,barbell good morning,124,barbell good morning,upper legs,hamstrings,barbell,free_weight,barbell,False,Intermediate,"Legs,Lower,Full Body",Hip Dominant,True,Lower Body,Posterior,Limbs,3,8,12,5,1,lower back,,,,,
1081,116,barbell straight leg deadlift,218,barbell straight leg deadlift,upper legs,hamstrings,barbell,free_weight,barbell,False,Intermediate,"Legs,Lower,Full Body",Hip Dominant,True,Lower Body,Posterior,Limbs,3,8,12,6,2,glutes,lower back,,,,
1082,3235,cable assisted inverse leg curl,259,cable assisted inverse leg curl,upper legs,hamstrings,cable,cable,cable,True,Intermediate,"Legs,Lower,Full Body",Hip Dominant,True,Lower Body,Posterior,Limbs,3,8,12,7,2,glutes,calves,,,,
1083,339,dumbbell lying femoral,527,dumbbell lying femoral,upper legs,hamstrings,dumbbell,free_weight,dumbbell,False,Intermediate,"Legs,Lower,Full Body",Hip Dominant,True,Lower Body,Posterior,Limbs,3,8,12,4,1,glutes,,,,,
1084,1560,exercise ball seated hamstring stretch,727,exercise ball seated hamstring stretch,upper legs,hamstrings,stability ball,bodyweight_stability,stability ball,False,Intermediate,"Legs,Lower,Full Body",Hip Dominant,True,Lower Body,Posterior,Limbs,3,8,12,7,2,glutes,lower back,,,,
1085,3193,glute-ham raise,772,glute-ham raise,upper legs,hamstrings,body weight,bodyweight,body weight,False,Intermediate,"Legs,Lower,Full Body",Hip Dominant,True,Lower Body,Posterior,Limbs,3,8,12,7,2,glutes,lower back,,,,
1086,1511,hamstring stretch,779,hamstring stretch,upper legs,hamstrings,body weight,bodyweight,body weight,False,Intermediate,"Legs,Lower,Full Body",Hip Dominant,True,Lower Body,Posterior,Limbs,3,8,12,5,1,glutes,,,,,
1087,496,inverse leg curl (bench support),807,inverse leg curl,upper legs,hamstrings,body weight,bodyweight,body weight,False,Intermediate,"Legs,Lower,Full Body",Hip Dominant,True,Lower Body,Posterior,Limbs,3,8,12,5,2,glutes,calves,,,,
1088,2400,inverse leg curl (on pull-up cable machine),807,inverse leg curl,upper legs,hamstrings,body weight,bodyweight,body weight,False,Intermediate,"Legs,Lower,Full Body",Hip Dominant,True,Lower Body,Posterior,Limbs,3,8,12,6,2,glutes,calves,,,,
1089,535,kettlebell hang clean,839,kettlebell hang clean,upper legs,hamstrings,kettlebell,free_weight,kettlebell,False,Intermediate,"Legs,Lower,Full Body",Hip Dominant,True,Lower Body,Posterior,Limbs,3,8,12,6,3,glutes,quadriceps,calves,,,
1090,555,kick out sit,862,kick out sit,upper legs,hamstrings,body weight,bodyweight,body weight,False,Intermediate,"Legs,Lower,Full Body",Hip Dominant,True,Lower Body,Posterior,Limbs,3,8,12,5,2,quadriceps,glutes,,,,
1091,1576,leg up hamstring stretch,877,leg up hamstring stretch,upper legs,hamstrings,body weight,bodyweight,body weight,False,Intermediate,"Legs,Lower,Full Body",Hip Dominant,True,Lower Body,Posterior,Limbs,3,8,12,5,1,glutes,,,,,
1092,582,lever kneeling leg curl,898,lever kneeling leg curl,upper legs,hamstrings,leverage machine,machine,leverage machine,True,Intermediate,"Legs,Lower,Full Body",Hip Dominant,True,Lower Body,Posterior,Limbs,3,8,12,7,1,glutes,,,,,
1093,586,lever lying leg curl,902,lever lying leg curl,upper legs,hamstrings,leverage machine,machine,leverage machine,True,Intermediate,"Legs,Lower,Full Body",Hip Dominant,True,Lower Body,Posterior,Limbs,3,8,12,7,1,calves,,,,,
1094,3195,lever lying two-one leg curl,903,lever lying two-one leg curl,upper legs,hamstrings,leverage machine,machine,leverage machine,True,Intermediate,"Legs,Lower,Full Body",Hip Dominant,True,Lower Body,Posterior,Limbs,3,8,12,6,1,glutes,,,,,
1095,599,lever seated leg curl,927,lever seated leg curl,upper legs,hamstrings,leverage machine,machine,leverage machine,True,Intermediate,"Legs,Lower,Full Body",Hip Dominant,True,Lower Body,Posterior,Limbs,3,8,12,7,1,calves,,,,,
1096,648,power clean,994,power clean,upper legs,hamstrings,barbell,free_weight,barbell,False,Intermediate,"Legs,Lower,Full Body",Hip Dominant,True,Lower Body,Posterior,Limbs,3,8,12,8,3,glutes,quadriceps,calves,,,
1097,1582,reclining big toe pose with rope,1018,reclining big toe pose with rope,upper legs,hamstrings,rope,other,rope,False,Intermediate,"Legs,Lower,Full Body",Hip Dominant,True,Lower Body,Posterior,Limbs,3,8,12,6,2,calves,glutes,,,,
1098,1585,runners stretch,1046,runners stretch,upper legs,hamstrings,body weight,bodyweight,body weight,False,Intermediate,"Legs,Lower,Full Body",Hip Dominant,True,Lower Body,Posterior,Limbs,3,8,12,5,2,calves,quadriceps,,,,
1099,1587,seated wide angle pose sequence,1058,seated wide angle pose sequence,upper legs,hamstrings,body weight,bodyweight,body weight,False,Intermediate,"Legs,Lower,Full Body",Hip Dominant,True,Lower Body,Posterior,Limbs,3,8,12,8,2,quadriceps,calves,,,,
1100,697,self assisted inverse leg curl,1059,self assisted inverse leg curl,upper legs,hamstrings,body weight,bodyweight,body weight,False,Intermediate,"Legs,Lower,Full Body",Hip Dominant,True,Lower Body,Posterior,Limbs,3,8,12,5,2,glutes,calves,,,,
1101,696,self assisted inverse leg curl (on floor),1059,self assisted inverse leg curl,upper legs,hamstrings,body weight,bodyweight,body weight,False,Intermediate,"Legs,Lower,Full Body",Hip Dominant,True,Lower Body,Posterior,Limbs,3,8,12,7,2,glutes,calves,,,,
1102,730,single leg platform slide,1080,single leg platform slide,upper legs,hamstrings,body weight,bodyweight,body weight,False,Intermediate,"Legs,Lower,Full Body",Hip Dominant,True,Lower Body,Posterior,Limbs,3,8,12,5,2,glutes,quadriceps,,,,
1103,1599,standing hamstring and calf stretch with strap,1167,standing hamstring and calf stretch with strap,upper legs,hamstrings,rope,other,rope,False,Intermediate,"Legs,Lower,Full Body",Hip Dominant,True,Lower Body,Posterior,Limbs,3,8,12,7,1,calves,,,,,
1104,795,standing single leg curl,1170,standing single leg curl,upper legs,hamstrings,body weight,bodyweight,body weight,False,Intermediate,"Legs,Lower,Full Body",Hip Dominant,True,Lower Body,Posterior,Limbs,3,8,12,5,1,glutes,,,,,
1105,1604,world greatest stretch,1246,world greatest stretch,upper legs,hamstrings,body weight,bodyweight,body weight,False,Intermediate,"Legs,Lower,Full Body",Hip Dominant,True,Lower Body,Posterior,Limbs,3,8,12,6,3,glutes,quadriceps,calves,,,
1106,1512,all fours squad stretch,3,all fours squad stretch,upper legs,quads,body weight,bodyweight,body weight,False,Intermediate,"Legs,Lower,Full Body",Knee Dominant,True,Lower Body,Mixed,Limbs,3,8,12,5,2,hamstrings,glutes,,,,
1107,1713,assisted prone lying quads stretch,24,assisted prone lying quads stretch,upper legs,quads,assisted,assisted,assisted,False,Intermediate,"Legs,Lower,Full Body",Knee Dominant,True,Lower Body,Mixed,Limbs,3,8,12,5,2,hamstrings,glutes,,,,
1108,1473,backward jump,40,backward jump,upper legs,quads,body weight,bodyweight,body weight,False,Intermediate,"Legs,Lower,Full Body",Knee Dominant,True,Lower Body,Mixed,Limbs,3,8,12,4,3,hamstrings,glutes,calves,,,
1109,20,balance board,41,balance board,upper legs,quads,body weight,bodyweight,body weight,False,Intermediate,"Legs,Lower,Full Body",Knee Dominant,True,Lower Body,Mixed,Limbs,3,8,12,5,3,calves,hamstrings,glutes,,,
1110,987,band one arm single leg split squat,64,band one arm single leg split squat,upper legs,quads,band,bands,band,False,Intermediate,"Legs,Lower,Full Body",Knee Dominant,True,Lower Body,Mixed,Limbs,3,8,12,6,2,glutes,hamstrings,,,,
1111,1001,band single leg split squat,79,band single leg split squat,upper legs,quads,band,bands,band,False,Intermediate,"Legs,Lower,Full Body",Knee Dominant,True,Lower Body,Mixed,Limbs,3,8,12,5,2,glutes,hamstrings,,,,
1112,24,barbell bench front squat,97,barbell bench front squat,upper legs,quads,barbell,free_weight,barbell,False,Intermediate,"Legs,Lower,Full Body",Knee Dominant,True,Lower Body,Mixed,Limbs,3,8,12,5,3,hamstrings,glutes,calves,,,
1113,26,barbell bench squat,99,barbell bench squat,upper legs,quads,barbell,free_weight,barbell,False,Intermediate,"Legs,Lower,Full Body",Knee Dominant,True,Lower Body,Mixed,Limbs,3,8,12,8,3,glutes,hamstrings,calves,,,
1114,28,barbell clean and press,103,barbell clean and press,upper legs,quads,barbell,free_weight,barbell,False,Intermediate,"Legs,Lower,Full Body",Knee Dominant,True,Lower Body,Mixed,Limbs,3,8,12,7,4,hamstrings,glutes,shoulders,triceps,,
1115,68,barbell one leg squat,152,barbell one leg squat,upper legs,quads,barbell,free_weight,barbell,False,Intermediate,"Legs,Lower,Full Body",Knee Dominant,True,Lower Body,Mixed,Limbs,3,8,12,5,3,glutes,hamstrings,calves,,,
1116,69,barbell overhead squat,153,barbell overhead squat,upper legs,quads,barbell,free_weight,barbell,False,Intermediate,"Legs,Lower,Full Body",Knee Dominant,True,Lower Body,Mixed,Limbs,3,8,12,5,4,glutes,hamstrings,calves,core,,
1117,98,barbell side split squat,191,barbell side split squat,upper legs,quads,barbell,free_weight,barbell,False,Intermediate,"Legs,Lower,Full Body",Knee Dominant,True,Lower Body,Mixed,Limbs,3,8,12,6,3,glutes,hamstrings,calves,,,
1118,97,barbell side split squat v. 2,191,barbell side split squat,upper legs,quads,barbell,free_weight,barbell,False,Intermediate,"Legs,Lower,Full Body",Knee Dominant,True,Lower Body,Mixed,Limbs,3,8,12,7,3,glutes,hamstrings,calves,,,
1119,99,barbell single leg split squat,193,barbell single leg split squat,upper legs,quads,barbell,free_weight,barbell,False,Intermediate,"Legs,Lower,Full Body",Knee Dominant,True,Lower Body,Mixed,Limbs,3,8,12,6,3,glutes,hamstrings,calves,,,
1120,2810,barbell split squat v. 2,197,barbell split squat,upper legs,quads,barbell,free_weight,barbell,False,Intermediate,"Legs,Lower,Full Body",Knee Dominant,True,Lower Body,Mixed,Limbs,3,8,12,5,3,glutes,hamstrings,calves,,,
1121,102,barbell squat (on knees),198,barbell squat,upper legs,quads,barbell,free_weight,barbell,False,Intermediate,"Legs,Lower,Full Body",Knee Dominant,True,Lower Body,Mixed,Limbs,3,8,12,6,3,glutes,hamstrings,calves,,,
1122,2798,barbell squat jump step rear lunge,199,barbell squat jump step rear lunge,upper legs,quads,barbell,free_weight,barbell,False,Intermediate,"Legs,Lower,Full Body",Knee Dominant,True,Lower Body,Mixed,Limbs,3,8,12,8,3,glutes,hamstrings,calves,,,
1123,124,barbell wide squat,224,barbell wide squat,upper legs,quads,barbell,free_weight,barbell,False,Intermediate,"Legs,Lower,Full Body",Knee Dominant,True,Lower Body,Mixed,Limbs,3,8,12,6,3,glutes,hamstrings,calves,,,
1124,1548,chair leg extended stretch,408,chair leg extended stretch,upper legs,quads,body weight,bodyweight,body weight,False,Intermediate,"Legs,Lower,Full Body",Knee Dominant,True,Lower Body,Mixed,Limbs,3,8,12,5,2,hamstrings,calves,,,,
1125,1760,dumbbell goblet squat,480,dumbbell goblet squat,upper legs,quads,dumbbell,free_weight,dumbbell,False,Intermediate,"Legs,Lower,Full Body",Knee Dominant,True,Lower Body,Mixed,Limbs,3,8,12,5,3,glutes,hamstrings,calves,,,
1126,410,dumbbell single leg split squat,659,dumbbell single leg split squat,upper legs,quads,dumbbell,free_weight,dumbbell,False,Intermediate,"Legs,Lower,Full Body",Knee Dominant,True,Lower Body,Mixed,Limbs,3,8,12,5,3,glutes,hamstrings,calves,,,
1127,2796,dumbbell step-up lunge,689,dumbbell step-up lunge,upper legs,quads,dumbbell,free_weight,dumbbell,False,Intermediate,"Legs,Lower,Full Body",Knee Dominant,True,Lower Body,Mixed,Limbs,3,8,12,6,3,glutes,hamstrings,calves,,,
1128,2812,dumbbell step-up split squat,690,dumbbell step-up split squat,upper legs,quads,dumbbell,free_weight,dumbbell,False,Intermediate,"Legs,Lower,Full Body",Knee Dominant,True,Lower Body,Mixed,Limbs,3,8,12,7,3,glutes,hamstrings,calves,,,
1129,2803,dumbbell supported squat,695,dumbbell supported squat,upper legs,quads,dumbbell,free_weight,dumbbell,False,Intermediate,"Legs,Lower,Full Body",Knee Dominant,True,Lower Body,Mixed,Limbs,3,8,12,5,3,glutes,hamstrings,calves,,,
1130,2133,farmers walk,752,farmers walk,upper legs,quads,dumbbell,free_weight,dumbbell,False,Intermediate,"Legs,Lower,Full Body",Knee Dominant,True,Lower Body,Mixed,Limbs,3,8,12,5,3,calves,forearms,core,,,
1131,1472,forward jump,758,forward jump,upper legs,quads,body weight,bodyweight,body weight,False,Intermediate,"Legs,Lower,Full Body",Knee Dominant,True,Lower Body,Mixed,Limbs,3,8,12,6,3,calves,hamstrings,glutes,,,
1132,1564,intermediate hip flexor and quad stretch,806,intermediate hip flexor and quad stretch,upper legs,quads,rope,other,rope,False,Intermediate,"Legs,Lower,Full Body",Knee Dominant,True,Lower Body,Mixed,Limbs,3,8,12,6,2,hamstrings,glutes,,,,
1133,2287,lever alternate leg press,878,lever alternate leg press,upper legs,quads,leverage machine,machine,leverage machine,True,Intermediate,"Legs,Lower,Full Body",Knee Dominant,True,Lower Body,Mixed,Limbs,3,8,12,7,2,hamstrings,glutes,,,,
1134,585,lever leg extension,901,lever leg extension,upper legs,quads,leverage machine,machine,leverage machine,True,Intermediate,"Legs,Lower,Full Body",Knee Dominant,True,Lower Body,Mixed,Limbs,3,8,12,6,1,hamstrings,,,,,
1135,613,lying (side) quads stretch,945,lying quads stretch,upper legs,quads,body weight,bodyweight,body weight,False,Intermediate,"Legs,Lower,Full Body",Knee Dominant,True,Lower Body,Mixed,Limbs,3,8,12,5,1,hamstrings,,,,,
1136,3533,quads,1011,quads,upper legs,quads,body weight,bodyweight,body weight,False,Intermediate,"Legs,Lower,Full Body",Knee Dominant,True,Lower Body,Mixed,Limbs,3,8,12,6,2,hamstrings,glutes,,,,
1137,3552,quick feet v. 2,1013,quick feet,upper legs,quads,body weight,bodyweight,body weight,False,Intermediate,"Legs,Lower,Full Body",Knee Dominant,True,Lower Body,Mixed,Limbs,3,8,12,4,2,calves,hamstrings,,,,
1138,3007,resistance band leg extension,1020,resistance band leg extension,upper legs,quads,resistance band,bands,resistance band,False,Intermediate,"Legs,Lower,Full Body",Knee Dominant,True,Lower Body,Mixed,Limbs,3,8,12,5,1,hamstrings,,,,,
1139,1489,sissy squat,1082,sissy squat,upper legs,quads,body weight,bodyweight,body weight,False,Intermediate,"Legs,Lower,Full Body",Knee Dominant,True,Lower Body,Mixed,Limbs,3,8,12,6,2,calves,glutes,,,,
1140,750,smith chair squat,1107,smith chair squat,upper legs,quads,smith machine,machine,smith machine,True,Intermediate,"Legs,Lower,Full Body",Knee Dominant,True,Lower Body,Mixed,Limbs,3,8,12,7,3,glutes,hamstrings,calves,,,
1141,768,smith single leg split squat,1137,smith single leg split squat,upper legs,quads,smith machine,machine,smith machine,True,Intermediate,"Legs,Lower,Full Body",Knee Dominant,True,Lower Body,Mixed,Limbs,3,8,12,6,2,glutes,hamstrings,,,,
1142,776,snatch pull,1149,snatch pull,upper legs,quads,barbell,free_weight,barbell,False,Intermediate,"Legs,Lower,Full Body",Knee Dominant,True,Lower Body,Mixed,Limbs,3,8,12,9,3,hamstrings,glutes,calves,,,
1143,2368,split squats,1155,split squats,upper legs,quads,body weight,bodyweight,body weight,False,Intermediate,"Legs,Lower,Full Body",Knee Dominant,True,Lower Body,Mixed,Limbs,3,8,12,6,3,glutes,hamstrings,calves,,,
1144,786,squat jerk,1156,squat jerk,upper legs,quads,barbell,free_weight,barbell,False,Intermediate,"Legs,Lower,Full Body",Knee Dominant,True,Lower Body,Mixed,Limbs,3,8,12,7,4,glutes,hamstrings,calves,core,,
1145,1705,squat on bosu ball,1157,squat on bosu ball,upper legs,quads,bosu ball,bodyweight_stability,bosu ball,False,Intermediate,"Legs,Lower,Full Body",Knee Dominant,True,Lower Body,Mixed,Limbs,3,8,12,7,3,glutes,hamstrings,calves,,,
1146,1685,squat to overhead reach,1158,squat to overhead reach,upper legs,quads,body weight,bodyweight,body weight,False,Intermediate,"Legs,Lower,Full Body",Knee Dominant,True,Lower Body,Mixed,Limbs,3,8,12,5,3,glutes,hamstrings,core,,,
1147,1686,squat to overhead reach with twist,1159,squat to overhead reach with twist,upper legs,quads,body weight,bodyweight,body weight,False,Intermediate,"Legs,Lower,Full Body",Knee Dominant,True,Lower Body,Mixed,Limbs,3,8,12,5,3,glutes,hamstrings,core,,,
1148,809,suspended split squat,1183,suspended split squat,upper legs,quads,body weight,bodyweight,body weight,False,Intermediate,"Legs,Lower,Full Body",Knee Dominant,True,Lower Body,Mixed,Limbs,3,8,12,5,3,glutes,hamstrings,calves,,,
1149,851,weighted sissy squat,1229,weighted sissy squat,upper legs,quads,weighted,other,weighted,False,Intermediate,"Legs,Lower,Full Body",Knee Dominant,True,Lower Body,Mixed,Limbs,3,8,12,6,3,glutes,hamstrings,calves,,,
1150,1,3/4 sit-up,0,3/4 sit-up,waist,abs,body weight,bodyweight,body weight,False,Intermediate,"Core,Full Body",Core,False,Core,Anterior,Trunk,3,12,15,5,2,hip flexors,lower back,,,,
1151,2,45° side bend,1,45° side bend,waist,abs,body weight,bodyweight,body weight,False,Intermediate,"Core,Full Body",Core,False,Core,Anterior,Trunk,3,12,15,5,1,obliques,,,,,
1152,3,air bike,2,air bike,waist,abs,body weight,bodyweight,body weight,False,Intermediate,"Core,Full Body",Core,False,Core,Anterior,Trunk,3,12,15,5,1,hip flexors,,,,,
1153,6,alternate heel touchers,4,alternate heel touchers,waist,abs,body weight,bodyweight,body weight,False,Intermediate,"Core,Full Body",Core,False,Core,Anterior,Trunk,3,12,15,5,1,obliques,,,,,
1154,2355,arm slingers hanging bent knee legs,9,arm slingers hanging bent knee legs,waist,abs,body weight,bodyweight,body weight,False,Intermediate,"Core,Full Body",Core,False,Core,Anterior,Trunk,3,12,15,4,2,shoulders,back,,,,
1155,2333,arm slingers hanging straight legs,10,arm slingers hanging straight legs,waist,abs,body weight,bodyweight,body weight,False,Intermediate,"Core,Full Body",Core,False,Core,Anterior,Trunk,3,12,15,4,2,shoulders,back,,,,
1156,3204,arms overhead full sit-up (male),12,arms overhead full sit-up,waist,abs,body weight,bodyweight,body weight,False,Intermediate,"Core,Full Body",Core,False,Core,Anterior,Trunk,3,12,15,5,2,hip flexors,lower back,,,,
1157,11,assisted hanging knee raise,14,assisted hanging knee raise,waist,abs,assisted,assisted,assisted,False,Intermediate,"Core,Full Body",Core,False,Core,Anterior,Trunk,3,12,15,5,1,hip flexors,,,,,
1158,10,assisted hanging knee raise with throw down,15,assisted hanging knee raise with throw down,waist,abs,assisted,assisted,assisted,False,Intermediate,"Core,Full Body",Core,False,Core,Anterior,Trunk,3,12,15,4,2,hip flexors,lower back,,,,
1159,12,assisted lying leg raise with lateral throw down,19,assisted lying leg raise with lateral throw down,waist,abs,assisted,assisted,assisted,False,Intermediate,"Core,Full Body",Core,False,Core,Anterior,Trunk,3,12,15,7,2,hip flexors,obliques,,,,
1160,13,assisted lying leg raise with throw down,20,assisted lying leg raise with throw down,waist,abs,assisted,assisted,assisted,False,Intermediate,"Core,Full Body",Core,False,Core,Anterior,Trunk,3,12,15,8,2,hip flexors,quadriceps,,,,
1161,14,assisted motion russian twist,21,assisted motion russian twist,waist,abs,medicine ball,medicine_ball,medicine ball,False,Intermediate,"Core,Full Body",Core,False,Core,Anterior,Trunk,3,12,15,6,2,obliques,lower back,,,,
1162,1714,assisted prone rectus femoris stretch,25,assisted prone rectus femoris stretch,waist,abs,assisted,assisted,assisted,False,Intermediate,"Core,Full Body",Core,False,Core,Anterior,Trunk,3,12,15,5,1,quadriceps,,,,,
1163,1758,assisted sit-up,29,assisted sit-up,waist,abs,assisted,assisted,assisted,False,Intermediate,"Core,Full Body",Core,False,Core,Anterior,Trunk,3,12,15,6,1,hip flexors,,,,,
1164,969,band alternating v-up,43,band alternating v-up,waist,abs,band,bands,band,False,Intermediate,"Core,Full Body",Core,False,Core,Anterior,Trunk,3,12,15,5,1,hip flexors,,,,,
1165,971,band assisted wheel rollerout,45,band assisted wheel rollerout,waist,abs,band,bands,band,False,Intermediate,"Core,Full Body",Core,False,Core,Anterior,Trunk,3,12,15,5,1,lower back,,,,,
1166,972,band bicycle crunch,48,band bicycle crunch,waist,abs,band,bands,band,False,Intermediate,"Core,Full Body",Core,False,Core,Anterior,Trunk,3,12,15,5,2,hip flexors,obliques,,,,
1167,979,band horizontal pallof press,57,band horizontal pallof press,waist,abs,band,bands,band,False,Intermediate,"Core,Full Body",Core,False,Core,Anterior,Trunk,3,12,15,9,2,obliques,glutes,,,,
1168,981,band jack knife sit-up,58,band jack knife sit-up,waist,abs,band,bands,band,False,Intermediate,"Core,Full Body",Core,False,Core,Anterior,Trunk,3,12,15,4,1,hip flexors,,,,,
1169,985,band kneeling twisting crunch,60,band kneeling twisting crunch,waist,abs,band,bands,band,False,Intermediate,"Core,Full Body",Core,False,Core,Anterior,Trunk,3,12,15,6,1,obliques,,,,,
1170,1002,band lying straight leg raise,62,band lying straight leg raise,waist,abs,band,bands,band,False,Intermediate,"Core,Full Body",Core,False,Core,Anterior,Trunk,3,12,15,5,1,hip flexors,,,,,
1171,992,band push sit-up,69,band push sit-up,waist,abs,band,bands,band,False,Intermediate,"Core,Full Body",Core,False,Core,Anterior,Trunk,3,12,15,6,2,shoulders,chest,,,,
1172,1011,band seated twist,73,band seated twist,waist,abs,band,bands,band,False,Intermediate,"Core,Full Body",Core,False,Core,Anterior,Trunk,3,12,15,6,1,obliques,,,,,
1173,1005,band standing crunch,82,band standing crunch,waist,abs,band,bands,band,False,Intermediate,"Core,Full Body",Core,False,Core,Anterior,Trunk,3,12,15,6,1,obliques,,,,,
1174,1007,band standing twisting crunch,84,band standing twisting crunch,waist,abs,band,bands,band,False,Intermediate,"Core,Full Body",Core,False,Core,Anterior,Trunk,3,12,15,6,1,obliques,,,,,
1175,1014,band v-up,92,band v-up,waist,abs,band,bands,band,False,Intermediate,"Core,Full Body",Core,False,Core,Anterior,Trunk,3,12,15,4,1,hip flexors,,,,,
1176,1015,band vertical pallof press,93,band vertical pallof press,waist,abs,band,bands,band,False,Intermediate,"Core,Full Body",Core,False,Core,Anterior,Trunk,3,12,15,7,2,obliques,glutes,,,,
1177,71,barbell press sit-up,159,barbell press sit-up,waist,abs,barbell,free_weight,barbell,False,Intermediate,"Core,Full Body",Core,False,Core,Anterior,Trunk,3,12,15,5,2,shoulders,chest,,,,
1178,84,barbell rollerout,177,barbell rollerout,waist,abs,barbell,free_weight,barbell,False,Intermediate,"Core,Full Body",Core,False,Core,Anterior,Trunk,3,12,15,5,1,lower back,,,,,
1179,83,barbell rollerout from bench,178,barbell rollerout from bench,waist,abs,barbell,free_weight,barbell,False,Intermediate,"Core,Full Body",Core,False,Core,Anterior,Trunk,3,12,15,6,2,shoulders,triceps,,,,
1180,94,barbell seated twist,188,barbell seated twist,waist,abs,barbell,free_weight,barbell,False,Intermediate,"Core,Full Body",Core,False,Core,Anterior,Trunk,3,12,15,6,2,obliques,lower back,,,,
1181,96,barbell side bent v. 2,190,barbell side bent,waist,abs,barbell,free_weight,barbell,False,Intermediate,"Core,Full Body",Core,False,Core,Anterior,Trunk,3,12,15,6,2,obliques,lower back,,,,
1182,2799,barbell sitted alternate leg raise,194,barbell sitted alternate leg raise,waist,abs,barbell,free_weight,barbell,False,Intermediate,"Core,Full Body",Core,False,Core,Anterior,Trunk,3,12,15,4,1,hip flexors,,,,,
1183,2800,barbell sitted alternate leg raise (female),194,barbell sitted alternate leg raise,waist,abs,barbell,free_weight,barbell,False,Intermediate,"Core,Full Body",Core,False,Core,Anterior,Trunk,3,12,15,5,2,hip flexors,quadriceps,,,,
1184,103,barbell standing ab rollerout,200,barbell standing ab rollerout,waist,abs,barbell,free_weight,barbell,False,Intermediate,"Core,Full Body",Core,False,Core,Anterior,Trunk,3,12,15,5,2,shoulders,lower back,,,,
1185,112,barbell standing twist,212,barbell standing twist,waist,abs,barbell,free_weight,barbell,False,Intermediate,"Core,Full Body",Core,False,Core,Anterior,Trunk,3,12,15,6,2,obliques,lower back,,,,
1186,3544,bodyweight incline side plank,242,bodyweight incline side plank,waist,abs,body weight,bodyweight,body weight,False,Intermediate,"Core,Full Body",Core,False,Core,Anterior,Trunk,3,12,15,5,2,obliques,shoulders,,,,
1187,138,bottoms-up,251,bottoms-up,waist,abs,body weight,bodyweight,body weight,False,Intermediate,"Core,Full Body",Core,False,Core,Anterior,Trunk,3,12,15,5,2,obliques,hip flexors,,,,
1188,2466,bridge - mountain climber (cross body),253,bridge - mountain climber,waist,abs,body weight,bodyweight,body weight,False,Intermediate,"Core,Full Body",Core,True,Core,Anterior,Trunk,3,12,15,7,5,glutes,quadriceps,hamstrings,shoulders,triceps,
1189,870,butt-ups,255,butt-ups,waist,abs,body weight,bodyweight,body weight,False,Intermediate,"Core,Full Body",Core,False,Core,Anterior,Trunk,3,12,15,6,2,hip flexors,lower back,,,,
1190,174,cable judo flip,288,cable judo flip,waist,abs,cable,cable,cable,True,Intermediate,"Core,Full Body",Core,False,Core,Anterior,Trunk,3,12,15,8,2,obliques,shoulders,,,,
1191,175,cable kneeling crunch,290,cable kneeling crunch,waist,abs,cable,cable,cable,True,Intermediate,"Core,Full Body",Core,False,Core,Anterior,Trunk,3,12,15,5,1,obliques,,,,,
1192,873,cable reverse crunch,333,cable reverse crunch,waist,abs,cable,cable,cable,True,Intermediate,"Core,Full Body",Core,False,Core,Anterior,Trunk,3,12,15,6,1,hip flexors,,,,,
1193,211,cable russian twists (on stability ball),350,cable russian twists,waist,abs,cable,cable,cable,True,Intermediate,"Core,Full Body",Core,False,Core,Anterior,Trunk,3,12,15,6,2,obliques,lower back,,,,
1194,212,cable seated crunch,352,cable seated crunch,waist,abs,cable,cable,cable,True,Intermediate,"Core,Full Body",Core,False,Core,Anterior,Trunk,3,12,15,5,1,obliques,,,,,
1195,2399,cable seated twist,361,cable seated twist,waist,abs,cable,cable,cable,True,Intermediate,"Core,Full Body",Core,False,Core,Anterior,Trunk,3,12,15,6,1,obliques,,,,,
1196,222,cable side bend,365,cable side bend,waist,abs,cable,cable,cable,True,Intermediate,"Core,Full Body",Core,False,Core,Anterior,Trunk,3,12,15,6,1,obliques,,,,,
1197,221,cable side bend crunch (bosu ball),366,cable side bend crunch,waist,abs,cable,cable,cable,True,Intermediate,"Core,Full Body",Core,False,Core,Anterior,Trunk,3,12,15,5,1,obliques,,,,,
1198,223,cable side crunch,367,cable side crunch,waist,abs,cable,cable,cable,True,Intermediate,"Core,Full Body",Core,False,Core,Anterior,Trunk,3,12,15,6,1,obliques,,,,,
1199,226,cable standing crunch,373,cable standing crunch,waist,abs,cable,cable,cable,True,Intermediate,"Core,Full Body",Core,False,Core,Anterior,Trunk,3,12,15,6,1,obliques,,,,,
1200,874,cable standing crunch (with rope attachment),373,cable standing crunch,waist,abs,cable,cable,cable,True,Intermediate,"Core,Full Body",Core,False,Core,Anterior,Trunk,3,12,15,6,1,obliques,,,,,
1201,230,cable standing lift,377,cable standing lift,waist,abs,cable,cable,cable,True,Intermediate,"Core,Full Body",Core,False,Core,Anterior,Trunk,3,12,15,6,2,obliques,lower back,,,,
1202,242,cable tuck reverse crunch,392,cable tuck reverse crunch,waist,abs,cable,cable,cable,True,Intermediate,"Core,Full Body",Core,False,Core,Anterior,Trunk,3,12,15,6,1,hip flexors,,,,,
1203,243,cable twist,393,cable twist,waist,abs,cable,cable,cable,True,Intermediate,"Core,Full Body",Core,False,Core,Anterior,Trunk,3,12,15,7,1,obliques,,,,,
1204,862,cable twist (up-down),393,cable twist,waist,abs,cable,cable,cable,True,Intermediate,"Core,Full Body",Core,False,Core,Anterior,Trunk,3,12,15,6,2,obliques,lower back,,,,
1205,2963,captains chair straight leg raise,407,captains chair straight leg raise,waist,abs,body weight,bodyweight,body weight,False,Intermediate,"Core,Full Body",Core,False,Core,Anterior,Trunk,3,12,15,6,1,hip flexors,,,,,
1206,260,cocoons,421,cocoons,waist,abs,body weight,bodyweight,body weight,False,Intermediate,"Core,Full Body",Core,False,Core,Anterior,Trunk,3,12,15,5,2,hip flexors,lower back,,,,
1207,1468,crab twist toe touch,422,crab twist toe touch,waist,abs,body weight,bodyweight,body weight,False,Intermediate,"Core,Full Body",Core,False,Core,Anterior,Trunk,3,12,15,5,2,obliques,hip flexors,,,,
1208,262,cross body crunch,423,cross body crunch,waist,abs,body weight,bodyweight,body weight,False,Intermediate,"Core,Full Body",Core,False,Core,Anterior,Trunk,3,12,15,6,1,obliques,,,,,
1209,267,crunch (hands overhead),424,crunch,waist,abs,body weight,bodyweight,body weight,False,Intermediate,"Core,Full Body",Core,False,Core,Anterior,Trunk,3,12,15,5,1,hip flexors,,,,,
1210,271,crunch (on stability ball),424,crunch,waist,abs,stability ball,bodyweight_stability,stability ball,False,Intermediate,"Core,Full Body",Core,False,Core,Anterior,Trunk,3,12,15,6,1,hip flexors,,,,,
1211,272,"crunch (on stability ball, arms straight)",424,crunch,waist,abs,stability ball,bodyweight_stability,stability ball,False,Intermediate,"Core,Full Body",Core,False,Core,Anterior,Trunk,3,12,15,6,1,hip flexors,,,,,
1212,274,crunch floor,425,crunch floor,waist,abs,body weight,bodyweight,body weight,False,Intermediate,"Core,Full Body",Core,False,Core,Anterior,Trunk,3,12,15,5,1,hip flexors,,,,,
1213,3016,curl-up,426,curl-up,waist,abs,body weight,bodyweight,body weight,False,Intermediate,"Core,Full Body",Core,False,Core,Anterior,Trunk,3,12,15,5,1,hip flexors,,,,,
1214,276,dead bug,429,dead bug,waist,abs,body weight,bodyweight,body weight,False,Intermediate,"Core,Full Body",Core,False,Core,Anterior,Trunk,3,12,15,7,2,hip flexors,lower back,,,,
1215,277,decline crunch,430,decline crunch,waist,abs,body weight,bodyweight,body weight,False,Intermediate,"Core,Full Body",Core,False,Core,Anterior,Trunk,3,12,15,5,1,hip flexors,,,,,
1216,282,decline sit-up,432,decline sit-up,waist,abs,body weight,bodyweight,body weight,False,Intermediate,"Core,Full Body",Core,False,Core,Anterior,Trunk,3,12,15,5,2,hip flexors,lower back,,,,
1217,407,dumbbell side bend,652,dumbbell side bend,waist,abs,dumbbell,free_weight,dumbbell,False,Intermediate,"Core,Full Body",Core,False,Core,Anterior,Trunk,3,12,15,4,1,obliques,,,,,
1218,443,elbow-to-knee,709,elbow-to-knee,waist,abs,body weight,bodyweight,body weight,False,Intermediate,"Core,Full Body",Core,False,Core,Anterior,Trunk,3,12,15,7,1,obliques,,,,,
1219,3303,flag,754,flag,waist,abs,body weight,bodyweight,body weight,False,Intermediate,"Core,Full Body",Core,False,Core,Anterior,Trunk,3,12,15,6,2,obliques,shoulders,,,,
1220,456,flexion leg sit up (bent knee),755,flexion leg sit up,waist,abs,body weight,bodyweight,body weight,False,Intermediate,"Core,Full Body",Core,False,Core,Anterior,Trunk,3,12,15,6,1,hip flexors,,,,,
1221,457,flexion leg sit up (straight arm),755,flexion leg sit up,waist,abs,body weight,bodyweight,body weight,False,Intermediate,"Core,Full Body",Core,False,Core,Anterior,Trunk,3,12,15,5,2,hip flexors,quadriceps,,,,
1222,2429,frog crunch,761,frog crunch,waist,abs,body weight,bodyweight,body weight,False,Intermediate,"Core,Full Body",Core,False,Core,Anterior,Trunk,3,12,15,5,1,hip flexors,,,,,
1223,3301,frog planche,762,frog planche,waist,abs,body weight,bodyweight,body weight,False,Intermediate,"Core,Full Body",Core,True,Core,Anterior,Trunk,3,12,15,5,3,shoulders,chest,triceps,,,
1224,3296,front lever,763,front lever,waist,abs,body weight,bodyweight,body weight,False,Intermediate,"Core,Full Body",Core,True,Core,Anterior,Trunk,3,12,15,7,3,lats,shoulders,forearms,,,
1225,464,front plank with twist,765,front plank with twist,waist,abs,body weight,bodyweight,body weight,False,Intermediate,"Core,Full Body",Core,False,Core,Anterior,Trunk,3,12,15,7,2,obliques,shoulders,,,,
1226,3315,full maltese,766,full maltese,waist,abs,body weight,bodyweight,body weight,False,Intermediate,"Core,Full Body",Core,False,Core,Anterior,Trunk,3,12,15,5,2,shoulders,chest,,,,
1227,3299,full planche,767,full planche,waist,abs,body weight,bodyweight,body weight,False,Intermediate,"Core,Full Body",Core,True,Core,Anterior,Trunk,3,12,15,6,3,shoulders,chest,triceps,,,
1228,467,gorilla chin,773,gorilla chin,waist,abs,body weight,bodyweight,body weight,False,Intermediate,"Core,Full Body",Core,False,Core,Anterior,Trunk,3,12,15,6,2,forearms,biceps,,,,
1229,469,groin crunch,774,groin crunch,waist,abs,body weight,bodyweight,body weight,False,Intermediate,"Core,Full Body",Core,False,Core,Anterior,Trunk,3,12,15,5,2,hip flexors,inner thighs,,,,
1230,3202,half sit-up (male),778,half sit-up,waist,abs,body weight,bodyweight,body weight,False,Intermediate,"Core,Full Body",Core,False,Core,Anterior,Trunk,3,12,15,5,1,hip flexors,,,,,
1231,1764,hanging leg hip raise,785,hanging leg hip raise,waist,abs,body weight,bodyweight,body weight,False,Intermediate,"Core,Full Body",Core,False,Core,Anterior,Trunk,3,12,15,4,2,hip flexors,lower back,,,,
1232,472,hanging leg raise,786,hanging leg raise,waist,abs,body weight,bodyweight,body weight,False,Intermediate,"Core,Full Body",Core,False,Core,Anterior,Trunk,3,12,15,5,1,hip flexors,,,,,
1233,1761,hanging oblique knee raise,787,hanging oblique knee raise,waist,abs,body weight,bodyweight,body weight,False,Intermediate,"Core,Full Body",Core,False,Core,Anterior,Trunk,3,12,15,5,1,obliques,,,,,
1234,473,hanging pike,788,hanging pike,waist,abs,body weight,bodyweight,body weight,False,Intermediate,"Core,Full Body",Core,False,Core,Anterior,Trunk,3,12,15,5,2,hip flexors,shoulders,,,,
1235,474,hanging straight leg hip raise,789,hanging straight leg hip raise,waist,abs,body weight,bodyweight,body weight,False,Intermediate,"Core,Full Body",Core,False,Core,Anterior,Trunk,3,12,15,4,1,hip flexors,,,,,
1236,475,hanging straight leg raise,790,hanging straight leg raise,waist,abs,body weight,bodyweight,body weight,False,Intermediate,"Core,Full Body",Core,False,Core,Anterior,Trunk,3,12,15,5,1,hip flexors,,,,,
1237,476,hanging straight twisting leg hip raise,791,hanging straight twisting leg hip raise,waist,abs,body weight,bodyweight,body weight,False,Intermediate,"Core,Full Body",Core,False,Core,Anterior,Trunk,3,12,15,6,2,obliques,hip flexors,,,,
1238,484,hip raise (bent knee),793,hip raise,waist,abs,body weight,bodyweight,body weight,False,Intermediate,"Core,Full Body",Core,False,Core,Anterior,Trunk,3,12,15,5,2,glutes,hamstrings,,,,
1239,1471,inchworm,798,inchworm,waist,abs,body weight,bodyweight,body weight,False,Intermediate,"Core,Full Body",Core,False,Core,Anterior,Trunk,3,12,15,6,2,shoulders,hamstrings,,,,
1240,3698,inchworm v. 2,798,inchworm,waist,abs,body weight,bodyweight,body weight,False,Intermediate,"Core,Full Body",Core,False,Core,Anterior,Trunk,3,12,15,5,2,shoulders,hamstrings,,,,
1241,491,incline leg hip raise (leg straight),800,incline leg hip raise,waist,abs,body weight,bodyweight,body weight,False,Intermediate,"Core,Full Body",Core,False,Core,Anterior,Trunk,3,12,15,5,1,hip flexors,,,,,
1242,495,incline twisting sit-up,805,incline twisting sit-up,waist,abs,body weight,bodyweight,body weight,False,Intermediate,"Core,Full Body",Core,False,Core,Anterior,Trunk,3,12,15,8,1,obliques,,,,,
1243,507,jackknife sit-up,817,jackknife sit-up,waist,abs,body weight,bodyweight,body weight,False,Intermediate,"Core,Full Body",Core,False,Core,Anterior,Trunk,3,12,15,4,1,hip flexors,,,,,
1244,508,janda sit-up,818,janda sit-up,waist,abs,body weight,bodyweight,body weight,False,Intermediate,"Core,Full Body",Core,False,Core,Anterior,Trunk,3,12,15,5,2,hip flexors,lower back,,,,
1245,517,kettlebell advanced windmill,821,kettlebell advanced windmill,waist,abs,kettlebell,free_weight,kettlebell,False,Intermediate,"Core,Full Body",Core,False,Core,Anterior,Trunk,3,12,15,9,2,obliques,shoulders,,,,
1246,524,kettlebell bent press,828,kettlebell bent press,waist,abs,kettlebell,free_weight,kettlebell,False,Intermediate,"Core,Full Body",Core,True,Core,Anterior,Trunk,3,12,15,8,3,shoulders,triceps,obliques,,,
1247,530,kettlebell double windmill,834,kettlebell double windmill,waist,abs,kettlebell,free_weight,kettlebell,False,Intermediate,"Core,Full Body",Core,False,Core,Anterior,Trunk,3,12,15,7,2,shoulders,hamstrings,,,,
1248,532,kettlebell figure 8,836,kettlebell figure 8,waist,abs,kettlebell,free_weight,kettlebell,False,Intermediate,"Core,Full Body",Core,False,Core,Anterior,Trunk,3,12,15,7,2,shoulders,forearms,,,,
1249,554,kettlebell windmill,861,kettlebell windmill,waist,abs,kettlebell,free_weight,kettlebell,False,Intermediate,"Core,Full Body",Core,False,Core,Anterior,Trunk,3,12,15,6,2,obliques,shoulders,,,,
1250,3640,knee touch crunch,864,knee touch crunch,waist,abs,body weight,bodyweight,body weight,False,Intermediate,"Core,Full Body",Core,False,Core,Anterior,Trunk,3,12,15,5,1,hip flexors,,,,,
1251,3239,kneeling plank tap shoulder (male),867,kneeling plank tap shoulder,waist,abs,body weight,bodyweight,body weight,False,Intermediate,"Core,Full Body",Core,False,Core,Anterior,Trunk,3,12,15,5,2,shoulders,triceps,,,,
1252,3419,l-sit on floor,871,l-sit on floor,waist,abs,body weight,bodyweight,body weight,False,Intermediate,"Core,Full Body",Core,False,Core,Anterior,Trunk,3,12,15,7,1,hip flexors,,,,,
1253,562,landmine 180,872,landmine 180,waist,abs,barbell,free_weight,barbell,False,Intermediate,"Core,Full Body",Core,False,Core,Anterior,Trunk,3,12,15,4,2,obliques,quadriceps,,,,
1254,3300,lean planche,874,lean planche,waist,abs,body weight,bodyweight,body weight,False,Intermediate,"Core,Full Body",Core,True,Core,Anterior,Trunk,3,12,15,5,3,shoulders,chest,triceps,,,
1255,570,leg pull in flat bench,876,leg pull in flat bench,waist,abs,body weight,bodyweight,body weight,False,Intermediate,"Core,Full Body",Core,False,Core,Anterior,Trunk,3,12,15,5,2,hip flexors,lower back,,,,
1256,583,lever kneeling twist,899,lever kneeling twist,waist,abs,leverage machine,machine,leverage machine,True,Intermediate,"Core,Full Body",Core,False,Core,Anterior,Trunk,3,12,15,6,2,obliques,lower back,,,,
1257,1452,lever seated crunch,921,lever seated crunch,waist,abs,leverage machine,machine,leverage machine,True,Intermediate,"Core,Full Body",Core,False,Core,Anterior,Trunk,3,12,15,6,1,obliques,,,,,
1258,595,lever seated crunch (chest pad),921,lever seated crunch,waist,abs,leverage machine,machine,leverage machine,True,Intermediate,"Core,Full Body",Core,False,Core,Anterior,Trunk,3,12,15,7,1,obliques,,,,,
1259,3760,lever seated crunch v. 2,921,lever seated crunch,waist,abs,leverage machine,machine,leverage machine,True,Intermediate,"Core,Full Body",Core,False,Core,Anterior,Trunk,3,12,15,6,2,obliques,hip flexors,,,,
1260,600,lever seated leg raise crunch,928,lever seated leg raise crunch,waist,abs,leverage machine,machine,leverage machine,True,Intermediate,"Core,Full Body",Core,False,Core,Anterior,Trunk,3,12,15,5,1,hip flexors,,,,,
1261,1688,lunge with twist,944,lunge with twist,waist,abs,body weight,bodyweight,body weight,False,Intermediate,"Core,Full Body",Core,True,Core,Anterior,Trunk,3,12,15,6,3,quadriceps,glutes,hamstrings,,,
1262,2312,lying elbow to knee,946,lying elbow to knee,waist,abs,body weight,bodyweight,body weight,False,Intermediate,"Core,Full Body",Core,False,Core,Anterior,Trunk,3,12,15,7,2,hip flexors,lower back,,,,
1263,620,lying leg raise flat bench,947,lying leg raise flat bench,waist,abs,body weight,bodyweight,body weight,False,Intermediate,"Core,Full Body",Core,False,Core,Anterior,Trunk,3,12,15,5,1,hip flexors,,,,,
1264,865,lying leg-hip raise,948,lying leg-hip raise,waist,abs,body weight,bodyweight,body weight,False,Intermediate,"Core,Full Body",Core,False,Core,Anterior,Trunk,3,12,15,5,1,hip flexors,,,,,
1265,634,negative crunch,969,negative crunch,waist,abs,body weight,bodyweight,body weight,False,Intermediate,"Core,Full Body",Core,False,Core,Anterior,Trunk,3,12,15,5,1,hip flexors,,,,,
1266,1495,oblique crunch v. 2,970,oblique crunch,waist,abs,body weight,bodyweight,body weight,False,Intermediate,"Core,Full Body",Core,False,Core,Anterior,Trunk,3,12,15,6,1,obliques,,,,,
1267,635,oblique crunches floor,971,oblique crunches floor,waist,abs,body weight,bodyweight,body weight,False,Intermediate,"Core,Full Body",Core,False,Core,Anterior,Trunk,3,12,15,5,1,obliques,,,,,
1268,640,one arm slam (with medicine ball),977,one arm slam,waist,abs,medicine ball,medicine_ball,medicine ball,False,Intermediate,"Core,Full Body",Core,False,Core,Anterior,Trunk,3,12,15,5,2,shoulders,back,,,,
1269,641,otis up,982,otis up,waist,abs,weighted,other,weighted,False,Intermediate,"Core,Full Body",Core,False,Core,Anterior,Trunk,3,12,15,5,2,hip flexors,lower back,,,,
1270,3147,pelvic tilt,985,pelvic tilt,waist,abs,body weight,bodyweight,body weight,False,Intermediate,"Core,Full Body",Core,False,Core,Anterior,Trunk,3,12,15,6,1,lower back,,,,,
1271,1687,posterior step to overhead reach,990,posterior step to overhead reach,waist,abs,body weight,bodyweight,body weight,False,Intermediate,"Core,Full Body",Core,True,Core,Anterior,Trunk,3,12,15,7,4,glutes,hamstrings,quadriceps,shoulders,,
1272,3119,potty squat,992,potty squat,waist,abs,body weight,bodyweight,body weight,False,Intermediate,"Core,Full Body",Core,False,Core,Anterior,Trunk,3,12,15,6,2,quadriceps,glutes,,,,
1273,3665,power point plank,995,power point plank,waist,abs,body weight,bodyweight,body weight,False,Intermediate,"Core,Full Body",Core,True,Core,Anterior,Trunk,3,12,15,6,3,shoulders,triceps,glutes,,,
1274,3203,prisoner half sit-up (male),996,prisoner half sit-up,waist,abs,body weight,bodyweight,body weight,False,Intermediate,"Core,Full Body",Core,False,Core,Anterior,Trunk,3,12,15,5,1,hip flexors,,,,,
1275,1707,prone twist on stability ball,997,prone twist on stability ball,waist,abs,stability ball,bodyweight_stability,stability ball,False,Intermediate,"Core,Full Body",Core,False,Core,Anterior,Trunk,3,12,15,7,2,obliques,lower back,,,,
1276,650,pull-in (on stability ball),999,pull-in,waist,abs,stability ball,bodyweight_stability,stability ball,False,Intermediate,"Core,Full Body",Core,False,Core,Anterior,Trunk,3,12,15,5,1,hip flexors,,,,,
1277,664,push-up to side plank,1010,push-up to side plank,waist,abs,body weight,bodyweight,body weight,False,Intermediate,"Core,Full Body",Core,True,Core,Anterior,Trunk,3,12,15,7,3,shoulders,chest,triceps,,,
1278,3201,quarter sit-up,1012,quarter sit-up,waist,abs,body weight,bodyweight,body weight,False,Intermediate,"Core,Full Body",Core,False,Core,Anterior,Trunk,3,12,15,5,1,hip flexors,,,,,
1279,872,reverse crunch,1026,reverse crunch,waist,abs,body weight,bodyweight,body weight,False,Intermediate,"Core,Full Body",Core,False,Core,Anterior,Trunk,3,12,15,5,1,hip flexors,,,,,
1280,3663,reverse plank with leg lift,1032,reverse plank with leg lift,waist,abs,body weight,bodyweight,body weight,False,Intermediate,"Core,Full Body",Core,True,Core,Anterior,Trunk,3,12,15,6,3,glutes,hamstrings,shoulders,,,
1281,2204,roller body saw,1037,roller body saw,waist,abs,roller,other,roller,False,Intermediate,"Core,Full Body",Core,True,Core,Anterior,Trunk,3,12,15,4,3,shoulders,triceps,core,,,
1282,2206,roller reverse crunch,1040,roller reverse crunch,waist,abs,roller,other,roller,False,Intermediate,"Core,Full Body",Core,False,Core,Anterior,Trunk,3,12,15,5,1,hip flexors,,,,,
1283,687,russian twist,1047,russian twist,waist,abs,body weight,bodyweight,body weight,False,Intermediate,"Core,Full Body",Core,False,Core,Anterior,Trunk,3,12,15,7,1,obliques,,,,,
1284,689,seated leg raise,1054,seated leg raise,waist,abs,body weight,bodyweight,body weight,False,Intermediate,"Core,Full Body",Core,False,Core,Anterior,Trunk,3,12,15,5,1,hip flexors,,,,,
1285,691,seated side crunch (wall),1057,seated side crunch,waist,abs,body weight,bodyweight,body weight,False,Intermediate,"Core,Full Body",Core,False,Core,Anterior,Trunk,3,12,15,7,1,obliques,,,,,
1286,3699,shoulder tap,1063,shoulder tap,waist,abs,body weight,bodyweight,body weight,False,Intermediate,"Core,Full Body",Core,False,Core,Anterior,Trunk,3,12,15,5,2,shoulders,triceps,,,,
1287,705,side bridge v. 2,1066,side bridge,waist,abs,body weight,bodyweight,body weight,False,Intermediate,"Core,Full Body",Core,False,Core,Anterior,Trunk,3,12,15,6,2,obliques,glutes,,,,
1288,709,side hip (on parallel bars),1067,side hip,waist,abs,body weight,bodyweight,body weight,False,Intermediate,"Core,Full Body",Core,False,Core,Anterior,Trunk,3,12,15,5,2,obliques,hip flexors,,,,
1289,3213,side-to-side toe touch (male),1076,side-to-side toe touch,waist,abs,body weight,bodyweight,body weight,False,Intermediate,"Core,Full Body",Core,False,Core,Anterior,Trunk,3,12,15,4,2,obliques,hip flexors,,,,
1290,735,sit-up v. 2,1083,sit-up,waist,abs,body weight,bodyweight,body weight,False,Intermediate,"Core,Full Body",Core,False,Core,Anterior,Trunk,3,12,15,5,1,hip flexors,,,,,
1291,3679,sit-up with arms on chest,1084,sit-up with arms on chest,waist,abs,body weight,bodyweight,body weight,False,Intermediate,"Core,Full Body",Core,False,Core,Anterior,Trunk,3,12,15,5,1,hip flexors,,,,,
1292,1496,sledge hammer,1101,sledge hammer,waist,abs,hammer,other,hammer,False,Intermediate,"Core,Full Body",Core,False,Core,Anterior,Trunk,3,12,15,5,2,forearms,shoulders,,,,
1293,756,smith hip raise,1115,smith hip raise,waist,abs,smith machine,machine,smith machine,True,Intermediate,"Core,Full Body",Core,False,Core,Anterior,Trunk,3,12,15,6,2,glutes,hamstrings,,,,
1294,777,spell caster,1150,spell caster,waist,abs,dumbbell,free_weight,dumbbell,False,Intermediate,"Core,Full Body",Core,False,Core,Anterior,Trunk,3,12,15,5,2,obliques,lower back,,,,
1295,2329,spine twist,1154,spine twist,waist,abs,body weight,bodyweight,body weight,False,Intermediate,"Core,Full Body",Core,False,Core,Anterior,Trunk,3,12,15,7,2,obliques,lower back,,,,
1296,2297,stability ball crunch (full range hands behind head),1160,stability ball crunch,waist,abs,stability ball,bodyweight_stability,stability ball,False,Intermediate,"Core,Full Body",Core,False,Core,Anterior,Trunk,3,12,15,5,1,hip flexors,,,,,
1297,796,standing wheel rollerout,1171,standing wheel rollerout,waist,abs,wheel roller,other,wheel roller,False,Intermediate,"Core,Full Body",Core,False,Core,Anterior,Trunk,3,12,15,5,2,lower back,shoulders,,,,
1298,3314,straddle maltese,1175,straddle maltese,waist,abs,body weight,bodyweight,body weight,False,Intermediate,"Core,Full Body",Core,False,Core,Anterior,Trunk,3,12,15,5,2,shoulders,chest,,,,
1299,3298,straddle planche,1176,straddle planche,waist,abs,body weight,bodyweight,body weight,False,Intermediate,"Core,Full Body",Core,True,Core,Anterior,Trunk,3,12,15,5,3,shoulders,triceps,chest,,,
1300,805,suspended abdominal fallout,1179,suspended abdominal fallout,waist,abs,body weight,bodyweight,body weight,False,Intermediate,"Core,Full Body",Core,False,Core,Anterior,Trunk,3,12,15,6,2,obliques,hip flexors,,,,
1301,807,suspended reverse crunch,1181,suspended reverse crunch,waist,abs,body weight,bodyweight,body weight,False,Intermediate,"Core,Full Body",Core,False,Core,Anterior,Trunk,3,12,15,4,1,hip flexors,,,,,
1302,871,tuck crunch,1193,tuck crunch,waist,abs,body weight,bodyweight,body weight,False,Intermediate,"Core,Full Body",Core,False,Core,Anterior,Trunk,3,12,15,5,1,hip flexors,,,,,
1303,2802,twisted leg raise,1196,twisted leg raise,waist,abs,body weight,bodyweight,body weight,False,Intermediate,"Core,Full Body",Core,False,Core,Anterior,Trunk,3,12,15,7,2,obliques,hip flexors,,,,
1304,2801,twisted leg raise (female),1196,twisted leg raise,waist,abs,body weight,bodyweight,body weight,False,Intermediate,"Core,Full Body",Core,False,Core,Anterior,Trunk,3,12,15,6,2,obliques,hip flexors,,,,
1305,3420,v-sit on floor,1200,v-sit on floor,waist,abs,body weight,bodyweight,body weight,False,Intermediate,"Core,Full Body",Core,False,Core,Anterior,Trunk,3,12,15,5,1,hip flexors,,,,,
1306,826,vertical leg raise (on parallel bars),1201,vertical leg raise,waist,abs,body weight,bodyweight,body weight,False,Intermediate,"Core,Full Body",Core,False,Core,Anterior,Trunk,3,12,15,5,1,hip flexors,,,,,
1307,832,weighted crunch,1210,weighted crunch,waist,abs,weighted,other,weighted,False,Intermediate,"Core,Full Body",Core,False,Core,Anterior,Trunk,3,12,15,5,1,obliques,,,,,
1308,3670,weighted decline sit-up,1211,weighted decline sit-up,waist,abs,weighted,other,weighted,False,Intermediate,"Core,Full Body",Core,False,Core,Anterior,Trunk,3,12,15,5,2,hip flexors,lower back,,,,
1309,2135,weighted front plank,1214,weighted front plank,waist,abs,weighted,other,weighted,False,Intermediate,"Core,Full Body",Core,False,Core,Anterior,Trunk,3,12,15,8,2,shoulders,lower back,,,,
1310,866,weighted hanging leg-hip raise,1216,weighted hanging leg-hip raise,waist,abs,weighted,other,weighted,False,Intermediate,"Core,Full Body",Core,False,Core,Anterior,Trunk,3,12,15,5,2,hip flexors,lower back,,,,
1311,840,weighted overhead crunch (on stability ball),1222,weighted overhead crunch,waist,abs,weighted,other,weighted,False,Intermediate,"Core,Full Body",Core,False,Core,Anterior,Trunk,3,12,15,5,2,obliques,lower back,,,,
1312,846,weighted russian twist,1225,weighted russian twist,waist,abs,weighted,other,weighted,False,Intermediate,"Core,Full Body",Core,False,Core,Anterior,Trunk,3,12,15,6,2,obliques,lower back,,,,
1313,845,weighted russian twist (legs up),1225,weighted russian twist,waist,abs,weighted,other,weighted,False,Intermediate,"Core,Full Body",Core,False,Core,Anterior,Trunk,3,12,15,6,2,obliques,hip flexors,,,,
1314,2371,weighted russian twist v. 2,1225,weighted russian twist,waist,abs,weighted,other,weighted,False,Intermediate,"Core,Full Body",Core,False,Core,Anterior,Trunk,3,12,15,6,2,obliques,lower back,,,,
1315,849,weighted seated twist (on stability ball),1227,weighted seated twist,waist,abs,weighted,other,weighted,False,Intermediate,"Core,Full Body",Core,False,Core,Anterior,Trunk,3,12,15,6,2,obliques,lower back,,,,
1316,850,weighted side bend (on stability ball),1228,weighted side bend,waist,abs,weighted,other,weighted,False,Intermediate,"Core,Full Body",Core,False,Core,Anterior,Trunk,3,12,15,5,2,obliques,lower back,,,,
1317,857,wheel rollerout,1239,wheel rollerout,waist,abs,wheel roller,other,wheel roller,False,Intermediate,"Core,Full Body",Core,False,Core,Anterior,Trunk,3,12,15,6,1,lower back,,,,,
1318,858,wind sprints,1245,wind sprints,waist,abs,body weight,bodyweight,body weight,False,Intermediate,"Core,Full Body",Core,True,Core,Anterior,Trunk,3,12,15,5,3,quadriceps,hamstrings,calves,,,
